Title,Title Name,Campus,TUC
005421,DIETITIAN PD,DVCMP,HX
005421,DIETITIAN PD,DVMED,HX
005421,DIETITIAN PD,IRCMP,HX
005421,DIETITIAN PD,IRMED,HX
005421,DIETITIAN PD,LACMP,HX
005421,DIETITIAN PD,LAMED,HX
005421,DIETITIAN PD,SDCMP,HX
005421,DIETITIAN PD,SDMED,HX
005421,DIETITIAN PD,SFCMP,HX
005421,DIETITIAN PD,SFMED,HX
005424,DIETITIAN SR,DVCMP,HX
005424,DIETITIAN SR,DVMED,HX
005424,DIETITIAN SR,IRCMP,HX
005424,DIETITIAN SR,IRMED,HX
005424,DIETITIAN SR,LACMP,HX
005424,DIETITIAN SR,LAMED,HX
005424,DIETITIAN SR,SDCMP,HX
005424,DIETITIAN SR,SDMED,HX
005424,DIETITIAN SR,SFCMP,HX
005424,DIETITIAN SR,SFMED,HX
005426,DIETITIAN 2,DVCMP,HX
005426,DIETITIAN 2,DVMED,HX
005426,DIETITIAN 2,IRCMP,HX
005426,DIETITIAN 2,IRMED,HX
005426,DIETITIAN 2,LACMP,HX
005426,DIETITIAN 2,LAMED,HX
005426,DIETITIAN 2,SDCMP,HX
005426,DIETITIAN 2,SDMED,HX
005426,DIETITIAN 2,SFCMP,HX
005426,DIETITIAN 2,SFMED,HX
007114,RECR THER 3 EX,SFCMP,HX
007114,RECR THER 3 EX,SFMED,HX
007117,RECR THER 3 PD,SFCMP,HX
007117,RECR THER 3 PD,SFMED,HX
007121,RECR THER 2 PD,SFCMP,HX
007121,RECR THER 2 PD,SFMED,HX
007190,CASE MGR SR,LAMED,HX
007866,AUDIOLOGIST SR EX,DVCMP,HX
007866,AUDIOLOGIST SR EX,DVMED,HX
007866,AUDIOLOGIST SR EX,IRCMP,HX
007866,AUDIOLOGIST SR EX,LACMP,HX
007866,AUDIOLOGIST SR EX,LAMED,HX
007866,AUDIOLOGIST SR EX,SDCMP,HX
007866,AUDIOLOGIST SR EX,SDMED,HX
007866,AUDIOLOGIST SR EX,SFCMP,HX
007866,AUDIOLOGIST SR EX,SFMED,HX
007867,AUDIOLOGIST EX,IRCMP,HX
007867,AUDIOLOGIST EX,LACMP,HX
007867,AUDIOLOGIST EX,LAMED,HX
007867,AUDIOLOGIST EX,SDCMP,HX
007867,AUDIOLOGIST EX,SDMED,HX
007867,AUDIOLOGIST EX,SFCMP,HX
007867,AUDIOLOGIST EX,SFMED,HX
007868,AUDIOLOGIST SR NEX,IRCMP,HX
007868,AUDIOLOGIST SR NEX,IRMED,HX
007868,AUDIOLOGIST SR NEX,SDCMP,HX
007868,AUDIOLOGIST SR NEX,SDMED,HX
007869,AUDIOLOGIST NEX,DVCMP,HX
007869,AUDIOLOGIST NEX,DVMED,HX
007869,AUDIOLOGIST NEX,IRCMP,HX
007869,AUDIOLOGIST NEX,IRMED,HX
007870,CASE MGR EX,IRCMP,HX
007870,CASE MGR EX,IRMED,HX
007870,CASE MGR EX,LACMP,HX
007870,CASE MGR EX,LAMED,HX
007870,CASE MGR EX,SDCMP,HX
007870,CASE MGR EX,SDMED,HX
007870,CASE MGR EX,SFCMP,HX
007870,CASE MGR EX,SFMED,HX
007871,CASE MGR NEX,DVCMP,HX
007871,CASE MGR NEX,DVMED,HX
007871,CASE MGR NEX,IRCMP,HX
007871,CASE MGR NEX,IRMED,HX
007872,CHILD LIFE SPEC 2 EX,SFCMP,HX
007872,CHILD LIFE SPEC 2 EX,SFMED,HX
007873,CHILD LIFE SPEC 1 EX,SFCMP,HX
007873,CHILD LIFE SPEC 1 EX,SFMED,HX
007874,CHILD LIFE SPEC 2 NEX,DVCMP,HX
007874,CHILD LIFE SPEC 2 NEX,DVMED,HX
007874,CHILD LIFE SPEC 2 NEX,IRCMP,HX
007874,CHILD LIFE SPEC 2 NEX,IRMED,HX
007874,CHILD LIFE SPEC 2 NEX,LACMP,HX
007874,CHILD LIFE SPEC 2 NEX,LAMED,HX
007875,CHILD LIFE SPEC 1 NEX,DVCMP,HX
007875,CHILD LIFE SPEC 1 NEX,DVMED,HX
007875,CHILD LIFE SPEC 1 NEX,IRCMP,HX
007875,CHILD LIFE SPEC 1 NEX,IRMED,HX
007875,CHILD LIFE SPEC 1 NEX,LACMP,HX
007875,CHILD LIFE SPEC 1 NEX,LAMED,HX
007886,DIETITIAN 1 EX,BKCMP,HX
007886,DIETITIAN 1 EX,DVCMP,HX
007886,DIETITIAN 1 EX,DVMED,HX
007886,DIETITIAN 1 EX,IRCMP,HX
007886,DIETITIAN 1 EX,IRMED,HX
007886,DIETITIAN 1 EX,LACMP,HX
007886,DIETITIAN 1 EX,LAMED,HX
007886,DIETITIAN 1 EX,MECMP,HX
007886,DIETITIAN 1 EX,SDCMP,HX
007886,DIETITIAN 1 EX,SDMED,HX
007886,DIETITIAN 1 EX,SFCMP,HX
007886,DIETITIAN 1 EX,SFMED,HX
007887,DIETITIAN 1 NEX,SBCMP,HX
007890,CLIN SOCIAL WORKER 1 EX,BKCMP,HX
007890,CLIN SOCIAL WORKER 1 EX,IRCMP,HX
007890,CLIN SOCIAL WORKER 1 EX,IRMED,HX
007890,CLIN SOCIAL WORKER 1 EX,LACMP,HX
007890,CLIN SOCIAL WORKER 1 EX,LAMED,HX
007890,CLIN SOCIAL WORKER 1 EX,SBCMP,HX
007890,CLIN SOCIAL WORKER 1 EX,SFCMP,HX
007890,CLIN SOCIAL WORKER 1 EX,SFMED,HX
007891,CLIN SOCIAL WORKER 1 NEX,SDCMP,HX
007891,CLIN SOCIAL WORKER 1 NEX,SDMED,HX
007894,GENETIC CNSLR 3 EX,DVCMP,HX
007894,GENETIC CNSLR 3 EX,DVMED,HX
007894,GENETIC CNSLR 3 EX,IRCMP,HX
007894,GENETIC CNSLR 3 EX,IRMED,HX
007894,GENETIC CNSLR 3 EX,SDCMP,HX
007894,GENETIC CNSLR 3 EX,SDMED,HX
007894,GENETIC CNSLR 3 EX,SFCMP,HX
007894,GENETIC CNSLR 3 EX,SFMED,HX
007895,GENETIC CNSLR 2 EX,IRCMP,HX
007895,GENETIC CNSLR 2 EX,IRMED,HX
007895,GENETIC CNSLR 2 EX,SDCMP,HX
007895,GENETIC CNSLR 2 EX,SDMED,HX
007895,GENETIC CNSLR 2 EX,SFCMP,HX
007895,GENETIC CNSLR 2 EX,SFMED,HX
007896,GENETIC CNSLR 1 EX,IRCMP,HX
007896,GENETIC CNSLR 1 EX,IRMED,HX
007896,GENETIC CNSLR 1 EX,SFCMP,HX
007896,GENETIC CNSLR 1 EX,SFMED,HX
007897,GENETIC CNSLR 3 NEX,LACMP,HX
007897,GENETIC CNSLR 3 NEX,LAMED,HX
007898,GENETIC CNSLR 2 NEX,DVCMP,HX
007898,GENETIC CNSLR 2 NEX,DVMED,HX
007898,GENETIC CNSLR 2 NEX,LACMP,HX
007898,GENETIC CNSLR 2 NEX,LAMED,HX
007899,GENETIC CNSLR 1 NEX,LACMP,HX
007899,GENETIC CNSLR 1 NEX,LAMED,HX
007912,MUSIC THER EX,SFCMP,HX
007912,MUSIC THER EX,SFMED,HX
007913,MUSIC THER NEX,DVCMP,HX
007913,MUSIC THER NEX,DVMED,HX
007913,MUSIC THER NEX,IRCMP,HX
007913,MUSIC THER NEX,IRMED,HX
007913,MUSIC THER NEX,LACMP,HX
007913,MUSIC THER NEX,LAMED,HX
007923,OCCUPATIONAL THER 3 EX,DVCMP,HX
007923,OCCUPATIONAL THER 3 EX,DVMED,HX
007923,OCCUPATIONAL THER 3 EX,IRCMP,HX
007923,OCCUPATIONAL THER 3 EX,SFCMP,HX
007923,OCCUPATIONAL THER 3 EX,SFMED,HX
007924,OCCUPATIONAL THER 2 EX,SFCMP,HX
007924,OCCUPATIONAL THER 2 EX,SFMED,HX
007925,OCCUPATIONAL THER 1 EX,SFCMP,HX
007925,OCCUPATIONAL THER 1 EX,SFMED,HX
007927,OCCUPATIONAL THER 3 NEX,IRCMP,HX
007927,OCCUPATIONAL THER 3 NEX,IRMED,HX
007927,OCCUPATIONAL THER 3 NEX,LACMP,HX
007927,OCCUPATIONAL THER 3 NEX,LAMED,HX
007927,OCCUPATIONAL THER 3 NEX,SDCMP,HX
007927,OCCUPATIONAL THER 3 NEX,SDMED,HX
007928,OCCUPATIONAL THER 2 NEX,DVCMP,HX
007928,OCCUPATIONAL THER 2 NEX,DVMED,HX
007928,OCCUPATIONAL THER 2 NEX,IRCMP,HX
007928,OCCUPATIONAL THER 2 NEX,IRMED,HX
007928,OCCUPATIONAL THER 2 NEX,LACMP,HX
007928,OCCUPATIONAL THER 2 NEX,LAMED,HX
007928,OCCUPATIONAL THER 2 NEX,SDCMP,HX
007928,OCCUPATIONAL THER 2 NEX,SDMED,HX
007929,OCCUPATIONAL THER 1 NEX,DVCMP,HX
007929,OCCUPATIONAL THER 1 NEX,DVMED,HX
007929,OCCUPATIONAL THER 1 NEX,IRCMP,HX
007929,OCCUPATIONAL THER 1 NEX,IRMED,HX
007929,OCCUPATIONAL THER 1 NEX,LACMP,HX
007929,OCCUPATIONAL THER 1 NEX,LAMED,HX
007929,OCCUPATIONAL THER 1 NEX,SDCMP,HX
007929,OCCUPATIONAL THER 1 NEX,SDMED,HX
007932,PHARMACIST SR EX,DVCMP,HX
007932,PHARMACIST SR EX,DVMED,HX
007932,PHARMACIST SR EX,IRCMP,HX
007932,PHARMACIST SR EX,IRMED,HX
007932,PHARMACIST SR EX,LACMP,HX
007932,PHARMACIST SR EX,LAMED,HX
007932,PHARMACIST SR EX,RVCMP,HX
007932,PHARMACIST SR EX,SCCMP,HX
007932,PHARMACIST SR EX,SDCMP,HX
007932,PHARMACIST SR EX,SDMED,HX
007932,PHARMACIST SR EX,SFCMP,HX
007932,PHARMACIST SR EX,SFMED,HX
007933,PHARMACIST SR NEX,SBCMP,HX
007933,PHARMACIST SR NEX,SDCMP,HX
007933,PHARMACIST SR NEX,SDMED,HX
007938,PHYS THER 3 EX,BKCMP,HX
007938,PHYS THER 3 EX,DVCMP,HX
007938,PHYS THER 3 EX,DVMED,HX
007938,PHYS THER 3 EX,IRCMP,HX
007938,PHYS THER 3 EX,SFCMP,HX
007938,PHYS THER 3 EX,SFMED,HX
007939,PHYS THER 2 EX,SFCMP,HX
007939,PHYS THER 2 EX,SFMED,HX
007940,PHYS THER 1 EX,SFCMP,HX
007940,PHYS THER 1 EX,SFMED,HX
007943,PHYS THER 3 NEX,IRCMP,HX
007943,PHYS THER 3 NEX,IRMED,HX
007943,PHYS THER 3 NEX,LACMP,HX
007943,PHYS THER 3 NEX,LAMED,HX
007943,PHYS THER 3 NEX,SBCMP,HX
007943,PHYS THER 3 NEX,SDCMP,HX
007943,PHYS THER 3 NEX,SDMED,HX
007944,PHYS THER 2 NEX,BKCMP,HX
007944,PHYS THER 2 NEX,DVCMP,HX
007944,PHYS THER 2 NEX,DVMED,HX
007944,PHYS THER 2 NEX,IRCMP,HX
007944,PHYS THER 2 NEX,IRMED,HX
007944,PHYS THER 2 NEX,LACMP,HX
007944,PHYS THER 2 NEX,LAMED,HX
007944,PHYS THER 2 NEX,SBCMP,HX
007944,PHYS THER 2 NEX,SDCMP,HX
007944,PHYS THER 2 NEX,SDMED,HX
007945,PHYS THER 1 NEX,DVCMP,HX
007945,PHYS THER 1 NEX,DVMED,HX
007945,PHYS THER 1 NEX,IRCMP,HX
007945,PHYS THER 1 NEX,IRMED,HX
007945,PHYS THER 1 NEX,LACMP,HX
007945,PHYS THER 1 NEX,LAMED,HX
007945,PHYS THER 1 NEX,SBCMP,HX
007945,PHYS THER 1 NEX,SDCMP,HX
007945,PHYS THER 1 NEX,SDMED,HX
007954,RECR THER 2 EX,SFCMP,HX
007954,RECR THER 2 EX,SFMED,HX
007955,RECR THER 1 EX,DVCMP,HX
007955,RECR THER 1 EX,DVMED,HX
007955,RECR THER 1 EX,SDCMP,HX
007955,RECR THER 1 EX,SDMED,HX
007955,RECR THER 1 EX,SFCMP,HX
007955,RECR THER 1 EX,SFMED,HX
007956,RECR THER 2 NEX,IRCMP,HX
007956,RECR THER 2 NEX,IRMED,HX
007956,RECR THER 2 NEX,LACMP,HX
007956,RECR THER 2 NEX,LAMED,HX
007957,RECR THER 1 NEX,IRCMP,HX
007957,RECR THER 1 NEX,IRMED,HX
007957,RECR THER 1 NEX,LACMP,HX
007957,RECR THER 1 NEX,LAMED,HX
007959,SPEECH PATHOLOGIST EX,LACMP,HX
007959,SPEECH PATHOLOGIST EX,LAMED,HX
007959,SPEECH PATHOLOGIST EX,SDCMP,HX
007959,SPEECH PATHOLOGIST EX,SDMED,HX
007959,SPEECH PATHOLOGIST EX,SFCMP,HX
007959,SPEECH PATHOLOGIST EX,SFMED,HX
007961,SPEECH PATHOLOGIST NEX,DVCMP,HX
007961,SPEECH PATHOLOGIST NEX,DVMED,HX
007961,SPEECH PATHOLOGIST NEX,IRCMP,HX
007961,SPEECH PATHOLOGIST NEX,IRMED,HX
007961,SPEECH PATHOLOGIST NEX,SDCMP,HX
007961,SPEECH PATHOLOGIST NEX,SDMED,HX
007962,STF PHARMACIST 1 EX,BKCMP,HX
007962,STF PHARMACIST 1 EX,RVCMP,HX
007963,STF PHARMACIST 1 NEX,DVCMP,HX
007963,STF PHARMACIST 1 NEX,DVMED,HX
007963,STF PHARMACIST 1 NEX,IRCMP,HX
007963,STF PHARMACIST 1 NEX,IRMED,HX
007963,STF PHARMACIST 1 NEX,LACMP,HX
007963,STF PHARMACIST 1 NEX,LAMED,HX
007963,STF PHARMACIST 1 NEX,SBCMP,HX
007963,STF PHARMACIST 1 NEX,SCCMP,HX
007963,STF PHARMACIST 1 NEX,SDCMP,HX
007963,STF PHARMACIST 1 NEX,SDMED,HX
007963,STF PHARMACIST 1 NEX,SFCMP,HX
007963,STF PHARMACIST 1 NEX,SFMED,HX
007972,SPEECH PATHOLOGIST 2,SFCMP,HX
007972,SPEECH PATHOLOGIST 2,SFMED,HX
007973,SPEECH PATHOLOGIST 1,SFCMP,HX
007973,SPEECH PATHOLOGIST 1,SFMED,HX
008811,NUC MED TCHNO PRN,SFCMP,HX
008811,NUC MED TCHNO PRN,SFMED,HX
008938,CLIN LAB SCI SPEC SR,DVCMP,HX
008938,CLIN LAB SCI SPEC SR,DVMED,HX
008938,CLIN LAB SCI SPEC SR,IRCMP,HX
008938,CLIN LAB SCI SPEC SR,IRMED,HX
008938,CLIN LAB SCI SPEC SR,LACMP,HX
008938,CLIN LAB SCI SPEC SR,LAMED,HX
008938,CLIN LAB SCI SPEC SR,SDCMP,HX
008938,CLIN LAB SCI SPEC SR,SDMED,HX
008938,CLIN LAB SCI SPEC SR,SFCMP,HX
008938,CLIN LAB SCI SPEC SR,SFMED,HX
008939,CLIN LAB SCI SPEC,BKCMP,HX
008939,CLIN LAB SCI SPEC,DVCMP,HX
008939,CLIN LAB SCI SPEC,DVMED,HX
008939,CLIN LAB SCI SPEC,IRCMP,HX
008939,CLIN LAB SCI SPEC,IRMED,HX
008939,CLIN LAB SCI SPEC,LACMP,HX
008939,CLIN LAB SCI SPEC,LAMED,HX
008939,CLIN LAB SCI SPEC,RVCMP,HX
008939,CLIN LAB SCI SPEC,SCCMP,HX
008939,CLIN LAB SCI SPEC,SDCMP,HX
008939,CLIN LAB SCI SPEC,SDMED,HX
008939,CLIN LAB SCI SPEC,SFCMP,HX
008939,CLIN LAB SCI SPEC,SFMED,HX
008940,CLIN LAB SCI,BKCMP,HX
008940,CLIN LAB SCI,DVCMP,HX
008940,CLIN LAB SCI,DVMED,HX
008940,CLIN LAB SCI,IRCMP,HX
008940,CLIN LAB SCI,IRMED,HX
008940,CLIN LAB SCI,LACMP,HX
008940,CLIN LAB SCI,LAMED,HX
008940,CLIN LAB SCI,RVCMP,HX
008940,CLIN LAB SCI,SBCMP,HX
008940,CLIN LAB SCI,SCCMP,HX
008940,CLIN LAB SCI,SDCMP,HX
008940,CLIN LAB SCI,SDMED,HX
008940,CLIN LAB SCI,SFCMP,HX
008940,CLIN LAB SCI,SFMED,HX
008954,CYTO TCHNO SR,DVCMP,HX
008954,CYTO TCHNO SR,DVMED,HX
008954,CYTO TCHNO SR,IRCMP,HX
008954,CYTO TCHNO SR,IRMED,HX
008954,CYTO TCHNO SR,LACMP,HX
008954,CYTO TCHNO SR,LAMED,HX
008954,CYTO TCHNO SR,SDCMP,HX
008954,CYTO TCHNO SR,SDMED,HX
008954,CYTO TCHNO SR,SFCMP,HX
008954,CYTO TCHNO SR,SFMED,HX
008955,CYTO TCHNO,DVCMP,HX
008955,CYTO TCHNO,DVMED,HX
008955,CYTO TCHNO,IRCMP,HX
008955,CYTO TCHNO,IRMED,HX
008955,CYTO TCHNO,LACMP,HX
008955,CYTO TCHNO,LAMED,HX
008955,CYTO TCHNO,SFCMP,HX
008955,CYTO TCHNO,SFMED,HX
008956,CLIN LAB SCI PD,BKCMP,HX
008956,CLIN LAB SCI PD,DVCMP,HX
008956,CLIN LAB SCI PD,DVMED,HX
008956,CLIN LAB SCI PD,IRCMP,HX
008956,CLIN LAB SCI PD,IRMED,HX
008956,CLIN LAB SCI PD,LACMP,HX
008956,CLIN LAB SCI PD,LAMED,HX
008956,CLIN LAB SCI PD,SBCMP,HX
008956,CLIN LAB SCI PD,SDCMP,HX
008956,CLIN LAB SCI PD,SDMED,HX
008956,CLIN LAB SCI PD,SFCMP,HX
008956,CLIN LAB SCI PD,SFMED,HX
008957,CLIN LAB SCI APPR,BKCMP,HX
008957,CLIN LAB SCI APPR,DVCMP,HX
008957,CLIN LAB SCI APPR,DVMED,HX
008957,CLIN LAB SCI APPR,IRCMP,HX
008957,CLIN LAB SCI APPR,IRMED,HX
008957,CLIN LAB SCI APPR,LACMP,HX
008957,CLIN LAB SCI APPR,LAMED,HX
008957,CLIN LAB SCI APPR,SDCMP,HX
008957,CLIN LAB SCI APPR,SDMED,HX
008959,CLIN LAB SCI SPEC PD,SCCMP,HX
008959,CLIN LAB SCI SPEC PD,SDCMP,HX
008959,CLIN LAB SCI SPEC PD,SDMED,HX
008959,CLIN LAB SCI SPEC PD,SFCMP,HX
008959,CLIN LAB SCI SPEC PD,SFMED,HX
008982,ORTHOPTIST SR,DVCMP,HX
008982,ORTHOPTIST SR,DVMED,HX
008982,ORTHOPTIST SR,IRCMP,HX
008982,ORTHOPTIST SR,IRMED,HX
008982,ORTHOPTIST SR,LACMP,HX
008982,ORTHOPTIST SR,LAMED,HX
008982,ORTHOPTIST SR,SFCMP,HX
008982,ORTHOPTIST SR,SFMED,HX
008983,ORTHOPTIST,DVCMP,HX
008983,ORTHOPTIST,DVMED,HX
008983,ORTHOPTIST,IRCMP,HX
008983,ORTHOPTIST,IRMED,HX
008983,ORTHOPTIST,LACMP,HX
008983,ORTHOPTIST,LAMED,HX
008983,ORTHOPTIST,SDCMP,HX
008983,ORTHOPTIST,SDMED,HX
008983,ORTHOPTIST,SFCMP,HX
008983,ORTHOPTIST,SFMED,HX
008997,CYTO TCHNO SR PD,DVCMP,HX
008997,CYTO TCHNO SR PD,DVMED,HX
008997,CYTO TCHNO SR PD,IRCMP,HX
008997,CYTO TCHNO SR PD,IRMED,HX
008997,CYTO TCHNO SR PD,LACMP,HX
008997,CYTO TCHNO SR PD,LAMED,HX
008997,CYTO TCHNO SR PD,SDCMP,HX
008997,CYTO TCHNO SR PD,SDMED,HX
008998,CYTO TCHNO PD,DVCMP,HX
008998,CYTO TCHNO PD,DVMED,HX
008998,CYTO TCHNO PD,IRCMP,HX
008998,CYTO TCHNO PD,IRMED,HX
008998,CYTO TCHNO PD,LACMP,HX
008998,CYTO TCHNO PD,LAMED,HX
008998,CYTO TCHNO PD,SFCMP,HX
008998,CYTO TCHNO PD,SFMED,HX
009003,NUC MED TCHNO SR,DVCMP,HX
009003,NUC MED TCHNO SR,DVMED,HX
009003,NUC MED TCHNO SR,IRCMP,HX
009003,NUC MED TCHNO SR,IRMED,HX
009003,NUC MED TCHNO SR,LACMP,HX
009003,NUC MED TCHNO SR,LAMED,HX
009003,NUC MED TCHNO SR,SDCMP,HX
009003,NUC MED TCHNO SR,SDMED,HX
009003,NUC MED TCHNO SR,SFCMP,HX
009003,NUC MED TCHNO SR,SFMED,HX
009004,NUC MED TCHNO,DVCMP,HX
009004,NUC MED TCHNO,DVMED,HX
009004,NUC MED TCHNO,IRCMP,HX
009004,NUC MED TCHNO,IRMED,HX
009004,NUC MED TCHNO,LACMP,HX
009004,NUC MED TCHNO,LAMED,HX
009004,NUC MED TCHNO,SFCMP,HX
009004,NUC MED TCHNO,SFMED,HX
009005,NUC MED TCHNO TRAINEE,SFCMP,HX
009005,NUC MED TCHNO TRAINEE,SFMED,HX
009006,NUC MED TCHNO SR PD,DVCMP,HX
009006,NUC MED TCHNO SR PD,DVMED,HX
009006,NUC MED TCHNO SR PD,IRCMP,HX
009006,NUC MED TCHNO SR PD,IRMED,HX
009006,NUC MED TCHNO SR PD,LACMP,HX
009006,NUC MED TCHNO SR PD,LAMED,HX
009006,NUC MED TCHNO SR PD,SDCMP,HX
009006,NUC MED TCHNO SR PD,SDMED,HX
009006,NUC MED TCHNO SR PD,SFCMP,HX
009006,NUC MED TCHNO SR PD,SFMED,HX
009009,NUC MED TCHNO PD,LACMP,HX
009009,NUC MED TCHNO PD,LAMED,HX
009151,MENTAL HEALTH THER 1,DVCMP,HX
009151,MENTAL HEALTH THER 1,DVMED,HX
009152,MENTAL HEALTH THER 2,DVCMP,HX
009152,MENTAL HEALTH THER 2,DVMED,HX
009202,PHYSCN AST SR,DVCMP,HX
009202,PHYSCN AST SR,DVMED,HX
009202,PHYSCN AST SR,IRCMP,HX
009202,PHYSCN AST SR,IRMED,HX
009202,PHYSCN AST SR,LACMP,HX
009202,PHYSCN AST SR,LAMED,HX
009202,PHYSCN AST SR,RVCMP,HX
009202,PHYSCN AST SR,SBCMP,HX
009202,PHYSCN AST SR,SCCMP,HX
009202,PHYSCN AST SR,SDCMP,HX
009202,PHYSCN AST SR,SDMED,HX
009202,PHYSCN AST SR,SFCMP,HX
009202,PHYSCN AST SR,SFMED,HX
009203,PHYSCN AST,BKCMP,HX
009203,PHYSCN AST,DVCMP,HX
009203,PHYSCN AST,DVMED,HX
009203,PHYSCN AST,IRCMP,HX
009203,PHYSCN AST,IRMED,HX
009203,PHYSCN AST,LACMP,HX
009203,PHYSCN AST,LAMED,HX
009203,PHYSCN AST,MECMP,HX
009203,PHYSCN AST,RVCMP,HX
009203,PHYSCN AST,SBCMP,HX
009203,PHYSCN AST,SCCMP,HX
009203,PHYSCN AST,SDCMP,HX
009203,PHYSCN AST,SDMED,HX
009203,PHYSCN AST,SFCMP,HX
009203,PHYSCN AST,SFMED,HX
009204,PHYSCN AST PD,BKCMP,HX
009204,PHYSCN AST PD,DVCMP,HX
009204,PHYSCN AST PD,DVMED,HX
009204,PHYSCN AST PD,IRCMP,HX
009204,PHYSCN AST PD,LACMP,HX
009204,PHYSCN AST PD,LAMED,HX
009204,PHYSCN AST PD,MECMP,HX
009204,PHYSCN AST PD,RVCMP,HX
009204,PHYSCN AST PD,SBCMP,HX
009204,PHYSCN AST PD,SCCMP,HX
009204,PHYSCN AST PD,SDCMP,HX
009204,PHYSCN AST PD,SDMED,HX
009204,PHYSCN AST PD,SFCMP,HX
009204,PHYSCN AST PD,SFMED,HX
009240,HOSP RAD PHYSICIST EX,DVCMP,HX
009240,HOSP RAD PHYSICIST EX,DVMED,HX
009240,HOSP RAD PHYSICIST EX,IRCMP,HX
009240,HOSP RAD PHYSICIST EX,IRMED,HX
009240,HOSP RAD PHYSICIST EX,LACMP,HX
009240,HOSP RAD PHYSICIST EX,LAMED,HX
009240,HOSP RAD PHYSICIST EX,SFCMP,HX
009240,HOSP RAD PHYSICIST EX,SFMED,HX
009241,HOSP RAD PHYSICIST AST,DVCMP,HX
009241,HOSP RAD PHYSICIST AST,DVMED,HX
009241,HOSP RAD PHYSICIST AST,IRCMP,HX
009241,HOSP RAD PHYSICIST AST,IRMED,HX
009241,HOSP RAD PHYSICIST AST,LACMP,HX
009241,HOSP RAD PHYSICIST AST,LAMED,HX
009241,HOSP RAD PHYSICIST AST,SFCMP,HX
009241,HOSP RAD PHYSICIST AST,SFMED,HX
009247,STF PHARMACIST 2,DVCMP,HX
009247,STF PHARMACIST 2,DVMED,HX
009247,STF PHARMACIST 2,IRCMP,HX
009247,STF PHARMACIST 2,IRMED,HX
009247,STF PHARMACIST 2,LACMP,HX
009247,STF PHARMACIST 2,LAMED,HX
009247,STF PHARMACIST 2,SDCMP,HX
009247,STF PHARMACIST 2,SDMED,HX
009247,STF PHARMACIST 2,SFCMP,HX
009247,STF PHARMACIST 2,SFMED,HX
009249,PHARMACIST PD,BKCMP,HX
009249,PHARMACIST PD,IRCMP,HX
009249,PHARMACIST PD,IRMED,HX
009249,PHARMACIST PD,LACMP,HX
009249,PHARMACIST PD,LAMED,HX
009249,PHARMACIST PD,RVCMP,HX
009249,PHARMACIST PD,SCCMP,HX
009249,PHARMACIST PD,SFCMP,HX
009249,PHARMACIST PD,SFMED,HX
009250,PHARMACIST 2 PD,DVCMP,HX
009250,PHARMACIST 2 PD,DVMED,HX
009250,PHARMACIST 2 PD,SDCMP,HX
009250,PHARMACIST 2 PD,SDMED,HX
009289,GENETIC CNSLR PD,DVCMP,HX
009289,GENETIC CNSLR PD,DVMED,HX
009289,GENETIC CNSLR PD,LACMP,HX
009289,GENETIC CNSLR PD,LAMED,HX
009289,GENETIC CNSLR PD,SFCMP,HX
009289,GENETIC CNSLR PD,SFMED,HX
009297,PHARMACIST 1 PD,SDCMP,HX
009297,PHARMACIST 1 PD,SDMED,HX
009306,CLIN LIC SOCIAL WORKER,DVCMP,HX
009306,CLIN LIC SOCIAL WORKER,DVMED,HX
009307,SOCIAL WORKER 2,DVCMP,HX
009307,SOCIAL WORKER 2,DVMED,HX
009308,SOCIAL WORKER 1,DVCMP,HX
009308,SOCIAL WORKER 1,DVMED,HX
009309,SOCIAL WORKER 2 PD,DVCMP,HX
009309,SOCIAL WORKER 2 PD,DVMED,HX
009310,CLIN LIC SOCIAL WORKER PD,DVCMP,HX
009310,CLIN LIC SOCIAL WORKER PD,DVMED,HX
009310,CLIN LIC SOCIAL WORKER PD,IRCMP,HX
009310,CLIN LIC SOCIAL WORKER PD,IRMED,HX
009310,CLIN LIC SOCIAL WORKER PD,SFCMP,HX
009310,CLIN LIC SOCIAL WORKER PD,SFMED,HX
009313,CLIN SOCIAL WORKER 3,BKCMP,HX
009313,CLIN SOCIAL WORKER 3,IRCMP,HX
009313,CLIN SOCIAL WORKER 3,IRMED,HX
009313,CLIN SOCIAL WORKER 3,LACMP,HX
009313,CLIN SOCIAL WORKER 3,LAMED,HX
009313,CLIN SOCIAL WORKER 3,SBCMP,HX
009313,CLIN SOCIAL WORKER 3,SDCMP,HX
009313,CLIN SOCIAL WORKER 3,SDMED,HX
009313,CLIN SOCIAL WORKER 3,SFCMP,HX
009313,CLIN SOCIAL WORKER 3,SFMED,HX
009314,CLIN SOCIAL WORKER 2,BKCMP,HX
009314,CLIN SOCIAL WORKER 2,IRCMP,HX
009314,CLIN SOCIAL WORKER 2,IRMED,HX
009314,CLIN SOCIAL WORKER 2,LACMP,HX
009314,CLIN SOCIAL WORKER 2,LAMED,HX
009314,CLIN SOCIAL WORKER 2,SBCMP,HX
009314,CLIN SOCIAL WORKER 2,SDCMP,HX
009314,CLIN SOCIAL WORKER 2,SDMED,HX
009314,CLIN SOCIAL WORKER 2,SFCMP,HX
009314,CLIN SOCIAL WORKER 2,SFMED,HX
009316,CLIN SOCIAL WORKER 2 PD,IRCMP,HX
009316,CLIN SOCIAL WORKER 2 PD,IRMED,HX
009316,CLIN SOCIAL WORKER 2 PD,LACMP,HX
009316,CLIN SOCIAL WORKER 2 PD,LAMED,HX
009316,CLIN SOCIAL WORKER 2 PD,SDCMP,HX
009316,CLIN SOCIAL WORKER 2 PD,SDMED,HX
009316,CLIN SOCIAL WORKER 2 PD,SFCMP,HX
009316,CLIN SOCIAL WORKER 2 PD,SFMED,HX
009317,CHILD DEV ASC SR,LACMP,HX
009317,CHILD DEV ASC SR,LAMED,HX
009330,CMTY SVC CASE MGR,DVCMP,HX
009330,CMTY SVC CASE MGR,DVMED,HX
009331,CMTY SVC CASE MGR AST,DVCMP,HX
009331,CMTY SVC CASE MGR AST,DVMED,HX
009341,SOCIAL WORK ASC,LACMP,HX
009341,SOCIAL WORK ASC,LAMED,HX
009341,SOCIAL WORK ASC,SDCMP,HX
009341,SOCIAL WORK ASC,SDMED,HX
009341,SOCIAL WORK ASC,SFCMP,HX
009341,SOCIAL WORK ASC,SFMED,HX
009342,SOCIAL WORK ASC AST,LACMP,HX
009342,SOCIAL WORK ASC AST,LAMED,HX
009342,SOCIAL WORK ASC AST,SFCMP,HX
009342,SOCIAL WORK ASC AST,SFMED,HX
009345,CHILD DEV ASC,DVCMP,HX
009345,CHILD DEV ASC,DVMED,HX
009345,CHILD DEV ASC,IRCMP,HX
009345,CHILD DEV ASC,IRMED,HX
009345,CHILD DEV ASC,LACMP,HX
009345,CHILD DEV ASC,LAMED,HX
009345,CHILD DEV ASC,SFCMP,HX
009345,CHILD DEV ASC,SFMED,HX
009351,CHILD LIFE SPEC 3,LACMP,HX
009351,CHILD LIFE SPEC 3,LAMED,HX
009351,CHILD LIFE SPEC 3,SFCMP,HX
009351,CHILD LIFE SPEC 3,SFMED,HX
009355,MED INTERPRETER 1,DVCMP,HX
009355,MED INTERPRETER 1,DVMED,HX
009355,MED INTERPRETER 1,IRCMP,HX
009355,MED INTERPRETER 1,IRMED,HX
009355,MED INTERPRETER 1,LACMP,HX
009355,MED INTERPRETER 1,LAMED,HX
009355,MED INTERPRETER 1,SDCMP,HX
009355,MED INTERPRETER 1,SDMED,HX
009355,MED INTERPRETER 1,SFCMP,HX
009355,MED INTERPRETER 1,SFMED,HX
009356,MED INTERPRETER 2,DVCMP,HX
009356,MED INTERPRETER 2,DVMED,HX
009356,MED INTERPRETER 2,IRCMP,HX
009356,MED INTERPRETER 2,IRMED,HX
009356,MED INTERPRETER 2,LACMP,HX
009356,MED INTERPRETER 2,LAMED,HX
009356,MED INTERPRETER 2,SDCMP,HX
009356,MED INTERPRETER 2,SDMED,HX
009356,MED INTERPRETER 2,SFCMP,HX
009356,MED INTERPRETER 2,SFMED,HX
009357,MED INTERPRETER PD,DVCMP,HX
009357,MED INTERPRETER PD,DVMED,HX
009357,MED INTERPRETER PD,IRCMP,HX
009357,MED INTERPRETER PD,IRMED,HX
009357,MED INTERPRETER PD,LACMP,HX
009357,MED INTERPRETER PD,LAMED,HX
009357,MED INTERPRETER PD,SDCMP,HX
009357,MED INTERPRETER PD,SDMED,HX
009357,MED INTERPRETER PD,SFCMP,HX
009357,MED INTERPRETER PD,SFMED,HX
009368,CHILD LIFE SPEC 1 PD,DVCMP,HX
009368,CHILD LIFE SPEC 1 PD,DVMED,HX
009368,CHILD LIFE SPEC 1 PD,IRCMP,HX
009368,CHILD LIFE SPEC 1 PD,IRMED,HX
009368,CHILD LIFE SPEC 1 PD,LACMP,HX
009368,CHILD LIFE SPEC 1 PD,LAMED,HX
009368,CHILD LIFE SPEC 1 PD,SFCMP,HX
009368,CHILD LIFE SPEC 1 PD,SFMED,HX
009369,CHILD LIFE SPEC 2 PD,DVMED,HX
009369,CHILD LIFE SPEC 2 PD,IRCMP,HX
009369,CHILD LIFE SPEC 2 PD,IRMED,HX
009369,CHILD LIFE SPEC 2 PD,SFCMP,HX
009369,CHILD LIFE SPEC 2 PD,SFMED,HX
009371,CHILD LIFE SPEC 3 PD,SFCMP,HX
009371,CHILD LIFE SPEC 3 PD,SFMED,HX
009374,CHILD LIFE TEACHER 3,LACMP,HX
009374,CHILD LIFE TEACHER 3,LAMED,HX
009374,CHILD LIFE TEACHER 3,SFCMP,HX
009374,CHILD LIFE TEACHER 3,SFMED,HX
009375,CHILD LIFE TEACHER 2,LACMP,HX
009375,CHILD LIFE TEACHER 2,LAMED,HX
009375,CHILD LIFE TEACHER 2,SFCMP,HX
009375,CHILD LIFE TEACHER 2,SFMED,HX
009376,CHILD LIFE TEACHER 1,LACMP,HX
009376,CHILD LIFE TEACHER 1,LAMED,HX
009376,CHILD LIFE TEACHER 1,SFCMP,HX
009376,CHILD LIFE TEACHER 1,SFMED,HX
009377,CHILD LIFE TEACHER 3 PD,SFCMP,HX
009377,CHILD LIFE TEACHER 3 PD,SFMED,HX
009378,CHILD LIFE TEACHER 2 PD,SFCMP,HX
009378,CHILD LIFE TEACHER 2 PD,SFMED,HX
009379,CHILD LIFE TEACHER 1 PD,LACMP,HX
009379,CHILD LIFE TEACHER 1 PD,LAMED,HX
009379,CHILD LIFE TEACHER 1 PD,SFCMP,HX
009379,CHILD LIFE TEACHER 1 PD,SFMED,HX
009382,BEHAVIORAL SVC 1,DVCMP,HX
009382,BEHAVIORAL SVC 1,DVMED,HX
009382,BEHAVIORAL SVC 1,IRCMP,HX
009382,BEHAVIORAL SVC 1,LACMP,HX
009382,BEHAVIORAL SVC 1,LAMED,HX
009382,BEHAVIORAL SVC 1,SBCMP,HX
009382,BEHAVIORAL SVC 1,SDCMP,HX
009382,BEHAVIORAL SVC 1,SDMED,HX
009382,BEHAVIORAL SVC 1,SFCMP,HX
009382,BEHAVIORAL SVC 1,SFMED,HX
009383,PSYCHOLOGIST 2,BKCMP,HX
009383,PSYCHOLOGIST 2,DVCMP,HX
009383,PSYCHOLOGIST 2,DVMED,HX
009383,PSYCHOLOGIST 2,IRCMP,HX
009383,PSYCHOLOGIST 2,IRMED,HX
009383,PSYCHOLOGIST 2,LACMP,HX
009383,PSYCHOLOGIST 2,LAMED,HX
009383,PSYCHOLOGIST 2,SBCMP,HX
009383,PSYCHOLOGIST 2,SDCMP,HX
009383,PSYCHOLOGIST 2,SDMED,HX
009383,PSYCHOLOGIST 2,SFCMP,HX
009383,PSYCHOLOGIST 2,SFMED,HX
009384,PSYCHOLOGIST 1,BKCMP,HX
009384,PSYCHOLOGIST 1,DVCMP,HX
009384,PSYCHOLOGIST 1,DVMED,HX
009384,PSYCHOLOGIST 1,IRCMP,HX
009384,PSYCHOLOGIST 1,IRMED,HX
009384,PSYCHOLOGIST 1,LACMP,HX
009384,PSYCHOLOGIST 1,LAMED,HX
009384,PSYCHOLOGIST 1,SBCMP,HX
009384,PSYCHOLOGIST 1,SDCMP,HX
009384,PSYCHOLOGIST 1,SDMED,HX
009384,PSYCHOLOGIST 1,SFCMP,HX
009384,PSYCHOLOGIST 1,SFMED,HX
009385,PSYCHOLOGIST 1 PD,DVMED,HX
009385,PSYCHOLOGIST 1 PD,LACMP,HX
009385,PSYCHOLOGIST 1 PD,LAMED,HX
009386,PSYCHOLOGIST 2 PD,DVMED,HX
009386,PSYCHOLOGIST 2 PD,LACMP,HX
009386,PSYCHOLOGIST 2 PD,LAMED,HX
009392,PSYCHOMETRIST SR,BKCMP,HX
009392,PSYCHOMETRIST SR,DVCMP,HX
009392,PSYCHOMETRIST SR,DVMED,HX
009392,PSYCHOMETRIST SR,IRCMP,HX
009392,PSYCHOMETRIST SR,IRMED,HX
009392,PSYCHOMETRIST SR,LACMP,HX
009392,PSYCHOMETRIST SR,LAMED,HX
009392,PSYCHOMETRIST SR,SDCMP,HX
009392,PSYCHOMETRIST SR,SDMED,HX
009392,PSYCHOMETRIST SR,SFCMP,HX
009392,PSYCHOMETRIST SR,SFMED,HX
009393,PSYCHOMETRIST,DVCMP,HX
009393,PSYCHOMETRIST,DVMED,HX
009393,PSYCHOMETRIST,IRCMP,HX
009393,PSYCHOMETRIST,IRMED,HX
009393,PSYCHOMETRIST,LACMP,HX
009393,PSYCHOMETRIST,LAMED,HX
009393,PSYCHOMETRIST,SDCMP,HX
009393,PSYCHOMETRIST,SDMED,HX
009393,PSYCHOMETRIST,SFCMP,HX
009393,PSYCHOMETRIST,SFMED,HX
009408,SPEECH PATHOLOGIST SR NEX,IRCMP,HX
009408,SPEECH PATHOLOGIST SR NEX,IRMED,HX
009408,SPEECH PATHOLOGIST SR NEX,SDCMP,HX
009408,SPEECH PATHOLOGIST SR NEX,SDMED,HX
009452,ART THERAPIST,DVCMP,HX
009452,ART THERAPIST,DVMED,HX
009463,CASE MGR PD,DVCMP,HX
009463,CASE MGR PD,DVMED,HX
009463,CASE MGR PD,IRCMP,HX
009463,CASE MGR PD,IRMED,HX
009463,CASE MGR PD,LACMP,HX
009463,CASE MGR PD,LAMED,HX
009463,CASE MGR PD,SDCMP,HX
009463,CASE MGR PD,SDMED,HX
009463,CASE MGR PD,SFCMP,HX
009463,CASE MGR PD,SFMED,HX
009467,RECR THER PD,LACMP,HX
009467,RECR THER PD,LAMED,HX
009467,RECR THER PD,SFCMP,HX
009467,RECR THER PD,SFMED,HX
009469,SPEECH PATHOLOGIST SR PD,DVCMP,HX
009469,SPEECH PATHOLOGIST SR PD,DVMED,HX
009469,SPEECH PATHOLOGIST SR PD,LACMP,HX
009469,SPEECH PATHOLOGIST SR PD,LAMED,HX
009471,SPEECH PATHOLOGIST PD,DVCMP,HX
009471,SPEECH PATHOLOGIST PD,DVMED,HX
009471,SPEECH PATHOLOGIST PD,IRCMP,HX
009471,SPEECH PATHOLOGIST PD,IRMED,HX
009471,SPEECH PATHOLOGIST PD,SDCMP,HX
009471,SPEECH PATHOLOGIST PD,SDMED,HX
009471,SPEECH PATHOLOGIST PD,SFCMP,HX
009471,SPEECH PATHOLOGIST PD,SFMED,HX
009472,SPEECH PATHOLOGIST SR EX,DVCMP,HX
009472,SPEECH PATHOLOGIST SR EX,DVMED,HX
009472,SPEECH PATHOLOGIST SR EX,IRCMP,HX
009472,SPEECH PATHOLOGIST SR EX,IRMED,HX
009472,SPEECH PATHOLOGIST SR EX,LACMP,HX
009472,SPEECH PATHOLOGIST SR EX,LAMED,HX
009472,SPEECH PATHOLOGIST SR EX,SDCMP,HX
009472,SPEECH PATHOLOGIST SR EX,SDMED,HX
009472,SPEECH PATHOLOGIST SR EX,SFCMP,HX
009472,SPEECH PATHOLOGIST SR EX,SFMED,HX
009476,AUDIOLOGIST PD,SDCMP,HX
009476,AUDIOLOGIST PD,SDMED,HX
009476,AUDIOLOGIST PD,SFCMP,HX
009476,AUDIOLOGIST PD,SFMED,HX
009477,READING THER,SFCMP,HX
009477,READING THER,SFMED,HX
009478,AUDIOLOGIST SR PD,LACMP,HX
009478,AUDIOLOGIST SR PD,LAMED,HX
009485,PHYS THER PD,BKCMP,HX
009485,PHYS THER PD,SDCMP,HX
009485,PHYS THER PD,SDMED,HX
009486,PHYS THER 2 PD,DVCMP,HX
009486,PHYS THER 2 PD,DVMED,HX
009486,PHYS THER 2 PD,IRCMP,HX
009486,PHYS THER 2 PD,IRMED,HX
009486,PHYS THER 2 PD,LACMP,HX
009486,PHYS THER 2 PD,LAMED,HX
009487,PHYS THER 1 PD,DVCMP,HX
009487,PHYS THER 1 PD,DVMED,HX
009487,PHYS THER 1 PD,IRCMP,HX
009487,PHYS THER 1 PD,IRMED,HX
009487,PHYS THER 1 PD,LACMP,HX
009487,PHYS THER 1 PD,LAMED,HX
009487,PHYS THER 1 PD,SFCMP,HX
009487,PHYS THER 1 PD,SFMED,HX
009490,OCCUPATIONAL THER 2 PD,DVCMP,HX
009490,OCCUPATIONAL THER 2 PD,DVMED,HX
009490,OCCUPATIONAL THER 2 PD,IRCMP,HX
009490,OCCUPATIONAL THER 2 PD,IRMED,HX
009490,OCCUPATIONAL THER 2 PD,LACMP,HX
009490,OCCUPATIONAL THER 2 PD,LAMED,HX
009490,OCCUPATIONAL THER 2 PD,SDCMP,HX
009490,OCCUPATIONAL THER 2 PD,SDMED,HX
009491,OCCUPATIONAL THER 1 PD,DVCMP,HX
009491,OCCUPATIONAL THER 1 PD,DVMED,HX
009491,OCCUPATIONAL THER 1 PD,IRCMP,HX
009491,OCCUPATIONAL THER 1 PD,IRMED,HX
009491,OCCUPATIONAL THER 1 PD,LACMP,HX
009491,OCCUPATIONAL THER 1 PD,LAMED,HX
009491,OCCUPATIONAL THER 1 PD,SFCMP,HX
009491,OCCUPATIONAL THER 1 PD,SFMED,HX
009501,CASE MGR SOCIAL WORKER,DVCMP,HX
009501,CASE MGR SOCIAL WORKER,DVMED,HX
009502,CASE MGR SOCIAL WORKER PD,DVCMP,HX
009502,CASE MGR SOCIAL WORKER PD,DVMED,HX
009517,HOSP RAD PHYSICIST NEX,IRCMP,HX
009517,HOSP RAD PHYSICIST NEX,IRMED,HX
009558,CNSLNG PSYCHOLOGIST 3 HX,BKCMP,HX
009558,CNSLNG PSYCHOLOGIST 3 HX,DVCMP,HX
009558,CNSLNG PSYCHOLOGIST 3 HX,DVMED,HX
009558,CNSLNG PSYCHOLOGIST 3 HX,IRCMP,HX
009558,CNSLNG PSYCHOLOGIST 3 HX,LACMP,HX
009558,CNSLNG PSYCHOLOGIST 3 HX,LAMED,HX
009558,CNSLNG PSYCHOLOGIST 3 HX,MECMP,HX
009558,CNSLNG PSYCHOLOGIST 3 HX,RVCMP,HX
009558,CNSLNG PSYCHOLOGIST 3 HX,SBCMP,HX
009558,CNSLNG PSYCHOLOGIST 3 HX,SCCMP,HX
009558,CNSLNG PSYCHOLOGIST 3 HX,SDCMP,HX
009558,CNSLNG PSYCHOLOGIST 3 HX,SDMED,HX
009558,CNSLNG PSYCHOLOGIST 3 HX,SFCMP,HX
009558,CNSLNG PSYCHOLOGIST 3 HX,SFMED,HX
009559,CNSLNG PSYCHOLOGIST 2 HX,DVCMP,HX
009559,CNSLNG PSYCHOLOGIST 2 HX,DVMED,HX
009559,CNSLNG PSYCHOLOGIST 2 HX,LACMP,HX
009559,CNSLNG PSYCHOLOGIST 2 HX,LAMED,HX
009559,CNSLNG PSYCHOLOGIST 2 HX,MECMP,HX
009559,CNSLNG PSYCHOLOGIST 2 HX,RVCMP,HX
009559,CNSLNG PSYCHOLOGIST 2 HX,SBCMP,HX
009559,CNSLNG PSYCHOLOGIST 2 HX,SCCMP,HX
009976,CNSLNG THERAPIST 3 HX GF,DVCMP,HX
009976,CNSLNG THERAPIST 3 HX GF,DVMED,HX
009976,CNSLNG THERAPIST 3 HX GF,RVCMP,HX
009976,CNSLNG THERAPIST 3 HX GF,SDCMP,HX
009976,CNSLNG THERAPIST 3 HX GF,SDMED,HX
009977,CNSLNG THERAPIST 2 HX GF,DVCMP,HX
009977,CNSLNG THERAPIST 2 HX GF,SCCMP,HX
007888,CLIN RSCH CRD SR EX,IRCMP,RX
007888,CLIN RSCH CRD SR EX,SDCMP,RX
007888,CLIN RSCH CRD SR EX,SDMED,RX
007888,CLIN RSCH CRD SR EX,SFCMP,RX
007888,CLIN RSCH CRD SR EX,SFMED,RX
007889,CLIN RSCH CRD SR NEX,DVCMP,RX
007889,CLIN RSCH CRD SR NEX,DVMED,RX
007889,CLIN RSCH CRD SR NEX,SFCMP,RX
007889,CLIN RSCH CRD SR NEX,SFMED,RX
009335,CLIN RSCH CRD,DVCMP,RX
009335,CLIN RSCH CRD,DVMED,RX
009335,CLIN RSCH CRD,IRCMP,RX
009335,CLIN RSCH CRD,SDCMP,RX
009335,CLIN RSCH CRD,SDMED,RX
009335,CLIN RSCH CRD,SFCMP,RX
009335,CLIN RSCH CRD,SFMED,RX
009336,CLIN RSCH CRD AST,DVCMP,RX
009336,CLIN RSCH CRD AST,DVMED,RX
009336,CLIN RSCH CRD AST,IRCMP,RX
009336,CLIN RSCH CRD AST,SDCMP,RX
009336,CLIN RSCH CRD AST,SDMED,RX
009336,CLIN RSCH CRD AST,SFCMP,RX
009336,CLIN RSCH CRD AST,SFMED,RX
009520,SPECTROSCOPIST,BKCMP,RX
009520,SPECTROSCOPIST,DVCMP,RX
009520,SPECTROSCOPIST,DVMED,RX
009520,SPECTROSCOPIST,LACMP,RX
009520,SPECTROSCOPIST,LAMED,RX
009520,SPECTROSCOPIST,MECMP,RX
009520,SPECTROSCOPIST,RVCMP,RX
009520,SPECTROSCOPIST,SBCMP,RX
009610,SRA 4,BKCMP,RX
009610,SRA 4,DVCMP,RX
009610,SRA 4,DVMED,RX
009610,SRA 4,IRCMP,RX
009610,SRA 4,LACMP,RX
009610,SRA 4,LAMED,RX
009610,SRA 4,MECMP,RX
009610,SRA 4,RVCMP,RX
009610,SRA 4,SBCMP,RX
009610,SRA 4,SCCMP,RX
009610,SRA 4,SDCMP,RX
009610,SRA 4,SDMED,RX
009610,SRA 4,SFCMP,RX
009610,SRA 4,SFMED,RX
009610,SRA 4,UCANR,RX
009610,SRA 4,UCOP1,RX
009611,SRA 3,BKCMP,RX
009611,SRA 3,DVCMP,RX
009611,SRA 3,DVMED,RX
009611,SRA 3,IRCMP,RX
009611,SRA 3,LACMP,RX
009611,SRA 3,LAMED,RX
009611,SRA 3,MECMP,RX
009611,SRA 3,RVCMP,RX
009611,SRA 3,SBCMP,RX
009611,SRA 3,SCCMP,RX
009611,SRA 3,SDCMP,RX
009611,SRA 3,SDMED,RX
009611,SRA 3,SFCMP,RX
009611,SRA 3,SFMED,RX
009611,SRA 3,UCANR,RX
009611,SRA 3,UCOP1,RX
009612,SRA 2,BKCMP,RX
009612,SRA 2,DVCMP,RX
009612,SRA 2,DVMED,RX
009612,SRA 2,IRCMP,RX
009612,SRA 2,LACMP,RX
009612,SRA 2,LAMED,RX
009612,SRA 2,MECMP,RX
009612,SRA 2,RVCMP,RX
009612,SRA 2,SBCMP,RX
009612,SRA 2,SCCMP,RX
009612,SRA 2,SDCMP,RX
009612,SRA 2,SDMED,RX
009612,SRA 2,SFCMP,RX
009612,SRA 2,SFMED,RX
009612,SRA 2,UCANR,RX
009612,SRA 2,UCOP1,RX
009613,SRA 1,BKCMP,RX
009613,SRA 1,DVCMP,RX
009613,SRA 1,DVMED,RX
009613,SRA 1,IRCMP,RX
009613,SRA 1,LACMP,RX
009613,SRA 1,LAMED,RX
009613,SRA 1,MECMP,RX
009613,SRA 1,RVCMP,RX
009613,SRA 1,SBCMP,RX
009613,SRA 1,SCCMP,RX
009613,SRA 1,SDCMP,RX
009613,SRA 1,SDMED,RX
009613,SRA 1,SFCMP,RX
009613,SRA 1,SFMED,RX
009613,SRA 1,UCANR,RX
009613,SRA 1,UCOP1,RX
009617,SRA 2 NEX,BKCMP,RX
009617,SRA 2 NEX,DVCMP,RX
009617,SRA 2 NEX,DVMED,RX
009617,SRA 2 NEX,IRCMP,RX
009617,SRA 2 NEX,LACMP,RX
009617,SRA 2 NEX,LAMED,RX
009617,SRA 2 NEX,MECMP,RX
009617,SRA 2 NEX,RVCMP,RX
009617,SRA 2 NEX,SBCMP,RX
009617,SRA 2 NEX,SCCMP,RX
009617,SRA 2 NEX,SDCMP,RX
009617,SRA 2 NEX,SDMED,RX
009617,SRA 2 NEX,SFCMP,RX
009617,SRA 2 NEX,SFMED,RX
009617,SRA 2 NEX,UCANR,RX
009618,MARINE TCHN 2 NEX,BKCMP,RX
009618,MARINE TCHN 2 NEX,IRCMP,RX
009618,MARINE TCHN 2 NEX,LACMP,RX
009618,MARINE TCHN 2 NEX,LAMED,RX
009618,MARINE TCHN 2 NEX,RVCMP,RX
009618,MARINE TCHN 2 NEX,SBCMP,RX
009618,MARINE TCHN 2 NEX,SCCMP,RX
009618,MARINE TCHN 2 NEX,SDCMP,RX
009618,MARINE TCHN 2 NEX,SDMED,RX
009619,MARINE TCHN 3 NEX,BKCMP,RX
009619,MARINE TCHN 3 NEX,IRCMP,RX
009619,MARINE TCHN 3 NEX,LACMP,RX
009619,MARINE TCHN 3 NEX,LAMED,RX
009619,MARINE TCHN 3 NEX,RVCMP,RX
009619,MARINE TCHN 3 NEX,SBCMP,RX
009619,MARINE TCHN 3 NEX,SCCMP,RX
009619,MARINE TCHN 3 NEX,SDCMP,RX
009619,MARINE TCHN 3 NEX,SDMED,RX
009642,MARINE TCHN 3,SCCMP,RX
009642,MARINE TCHN 3,SDCMP,RX
009642,MARINE TCHN 3,SDMED,RX
009643,MARINE TCHN 2,SCCMP,RX
009643,MARINE TCHN 2,SDCMP,RX
009643,MARINE TCHN 2,SDMED,RX
009644,MARINE TCHN 1,SCCMP,RX
009644,MARINE TCHN 1,SDCMP,RX
009644,MARINE TCHN 1,SDMED,RX
009722,MUSEUM SCI SR,BKCMP,RX
009722,MUSEUM SCI SR,DVCMP,RX
009722,MUSEUM SCI SR,DVMED,RX
009722,MUSEUM SCI SR,IRCMP,RX
009722,MUSEUM SCI SR,LACMP,RX
009722,MUSEUM SCI SR,LAMED,RX
009722,MUSEUM SCI SR,MECMP,RX
009722,MUSEUM SCI SR,RVCMP,RX
009722,MUSEUM SCI SR,SBCMP,RX
009722,MUSEUM SCI SR,SCCMP,RX
009722,MUSEUM SCI SR,SDCMP,RX
009722,MUSEUM SCI SR,SDMED,RX
009722,MUSEUM SCI SR,SFCMP,RX
009722,MUSEUM SCI SR,SFMED,RX
009723,MUSEUM SCI,BKCMP,RX
009723,MUSEUM SCI,DVCMP,RX
009723,MUSEUM SCI,DVMED,RX
009723,MUSEUM SCI,IRCMP,RX
009723,MUSEUM SCI,LACMP,RX
009723,MUSEUM SCI,LAMED,RX
009723,MUSEUM SCI,MECMP,RX
009723,MUSEUM SCI,RVCMP,RX
009723,MUSEUM SCI,SBCMP,RX
009723,MUSEUM SCI,SCCMP,RX
009723,MUSEUM SCI,SDCMP,RX
009723,MUSEUM SCI,SDMED,RX
009723,MUSEUM SCI,SFCMP,RX
009723,MUSEUM SCI,SFMED,RX
009724,MUSEUM SCI AST,BKCMP,RX
009724,MUSEUM SCI AST,DVCMP,RX
009724,MUSEUM SCI AST,DVMED,RX
009724,MUSEUM SCI AST,IRCMP,RX
009724,MUSEUM SCI AST,LACMP,RX
009724,MUSEUM SCI AST,LAMED,RX
009724,MUSEUM SCI AST,MECMP,RX
009724,MUSEUM SCI AST,RVCMP,RX
009724,MUSEUM SCI AST,SBCMP,RX
009724,MUSEUM SCI AST,SCCMP,RX
009724,MUSEUM SCI AST,SDCMP,RX
009724,MUSEUM SCI AST,SDMED,RX
009724,MUSEUM SCI AST,SFCMP,RX
009724,MUSEUM SCI AST,SFMED,RX
004031,LIFEGUARD,BKCMP,TX
004031,LIFEGUARD,DVCMP,TX
004031,LIFEGUARD,DVMED,TX
004031,LIFEGUARD,IRCMP,TX
004031,LIFEGUARD,LACMP,TX
004031,LIFEGUARD,LAMED,TX
004031,LIFEGUARD,MECMP,TX
004031,LIFEGUARD,RVCMP,TX
004031,LIFEGUARD,SBCMP,TX
004031,LIFEGUARD,SCCMP,TX
004031,LIFEGUARD,SDCMP,TX
004031,LIFEGUARD,SDMED,TX
004031,LIFEGUARD,SFCMP,TX
004031,LIFEGUARD,SFMED,TX
004218,MUSEUM PREPARATOR PRN PD,BKCMP,TX
004804,COMPUTER RESC SPEC 2,BKCMP,TX
004804,COMPUTER RESC SPEC 2,DVCMP,TX
004804,COMPUTER RESC SPEC 2,DVMED,TX
004804,COMPUTER RESC SPEC 2,IRCMP,TX
004804,COMPUTER RESC SPEC 2,IRMED,TX
004804,COMPUTER RESC SPEC 2,LACMP,TX
004804,COMPUTER RESC SPEC 2,LAMED,TX
004804,COMPUTER RESC SPEC 2,MECMP,TX
004804,COMPUTER RESC SPEC 2,RVCMP,TX
004804,COMPUTER RESC SPEC 2,SBCMP,TX
004804,COMPUTER RESC SPEC 2,SCCMP,TX
004804,COMPUTER RESC SPEC 2,SDCMP,TX
004804,COMPUTER RESC SPEC 2,SDMED,TX
004804,COMPUTER RESC SPEC 2,SFCMP,TX
004804,COMPUTER RESC SPEC 2,SFMED,TX
004804,COMPUTER RESC SPEC 2,UCANR,TX
004805,COMPUTER RESC SPEC 1,BKCMP,TX
004805,COMPUTER RESC SPEC 1,DVCMP,TX
004805,COMPUTER RESC SPEC 1,DVMED,TX
004805,COMPUTER RESC SPEC 1,IRCMP,TX
004805,COMPUTER RESC SPEC 1,IRMED,TX
004805,COMPUTER RESC SPEC 1,LACMP,TX
004805,COMPUTER RESC SPEC 1,LAMED,TX
004805,COMPUTER RESC SPEC 1,MECMP,TX
004805,COMPUTER RESC SPEC 1,RVCMP,TX
004805,COMPUTER RESC SPEC 1,SBCMP,TX
004805,COMPUTER RESC SPEC 1,SCCMP,TX
004805,COMPUTER RESC SPEC 1,SDCMP,TX
004805,COMPUTER RESC SPEC 1,SDMED,TX
004805,COMPUTER RESC SPEC 1,SFCMP,TX
004805,COMPUTER RESC SPEC 1,SFMED,TX
004805,COMPUTER RESC SPEC 1,UCANR,TX
004806,COMPUTER RESC SPEC 2 UCOP,UCOP1,TX
004807,COMPUTER RESC SPEC 1 UCOP,UCOP1,TX
004812,COMPUTER OPR SR,BKCMP,TX
004812,COMPUTER OPR SR,DVCMP,TX
004812,COMPUTER OPR SR,DVMED,TX
004812,COMPUTER OPR SR,IRCMP,TX
004812,COMPUTER OPR SR,IRMED,TX
004812,COMPUTER OPR SR,LACMP,TX
004812,COMPUTER OPR SR,LAMED,TX
004812,COMPUTER OPR SR,MECMP,TX
004812,COMPUTER OPR SR,RVCMP,TX
004812,COMPUTER OPR SR,SBCMP,TX
004812,COMPUTER OPR SR,SCCMP,TX
004812,COMPUTER OPR SR,SDCMP,TX
004812,COMPUTER OPR SR,SDMED,TX
004812,COMPUTER OPR SR,SFCMP,TX
004812,COMPUTER OPR SR,SFMED,TX
004813,COMPUTER OPR,BKCMP,TX
004813,COMPUTER OPR,DVCMP,TX
004813,COMPUTER OPR,DVMED,TX
004813,COMPUTER OPR,IRCMP,TX
004813,COMPUTER OPR,IRMED,TX
004813,COMPUTER OPR,LACMP,TX
004813,COMPUTER OPR,LAMED,TX
004813,COMPUTER OPR,MECMP,TX
004813,COMPUTER OPR,RVCMP,TX
004813,COMPUTER OPR,SBCMP,TX
004813,COMPUTER OPR,SCCMP,TX
004813,COMPUTER OPR,SDCMP,TX
004813,COMPUTER OPR,SDMED,TX
004813,COMPUTER OPR,SFCMP,TX
004813,COMPUTER OPR,SFMED,TX
004814,COMPUTER OPR PRN,BKCMP,TX
004814,COMPUTER OPR PRN,IRCMP,TX
006102,ARTIST SR,BKCMP,TX
006102,ARTIST SR,DVCMP,TX
006102,ARTIST SR,DVMED,TX
006102,ARTIST SR,IRCMP,TX
006102,ARTIST SR,IRMED,TX
006102,ARTIST SR,LACMP,TX
006102,ARTIST SR,LAMED,TX
006102,ARTIST SR,MECMP,TX
006102,ARTIST SR,RVCMP,TX
006102,ARTIST SR,SBCMP,TX
006102,ARTIST SR,SCCMP,TX
006102,ARTIST SR,SDCMP,TX
006102,ARTIST SR,SDMED,TX
006102,ARTIST SR,SFCMP,TX
006102,ARTIST SR,SFMED,TX
006102,ARTIST SR,UCANR,TX
006102,ARTIST SR,UCOP1,TX
006103,ARTIST,BKCMP,TX
006103,ARTIST,DVCMP,TX
006103,ARTIST,DVMED,TX
006103,ARTIST,IRCMP,TX
006103,ARTIST,IRMED,TX
006103,ARTIST,LACMP,TX
006103,ARTIST,LAMED,TX
006103,ARTIST,MECMP,TX
006103,ARTIST,RVCMP,TX
006103,ARTIST,SBCMP,TX
006103,ARTIST,SCCMP,TX
006103,ARTIST,SDCMP,TX
006103,ARTIST,SDMED,TX
006103,ARTIST,SFCMP,TX
006103,ARTIST,SFMED,TX
006103,ARTIST,UCANR,TX
006103,ARTIST,UCOP1,TX
006107,ART MODEL,BKCMP,TX
006107,ART MODEL,DVCMP,TX
006107,ART MODEL,DVMED,TX
006107,ART MODEL,IRCMP,TX
006107,ART MODEL,LACMP,TX
006107,ART MODEL,LAMED,TX
006107,ART MODEL,MECMP,TX
006107,ART MODEL,RVCMP,TX
006107,ART MODEL,SBCMP,TX
006107,ART MODEL,SCCMP,TX
006107,ART MODEL,SDCMP,TX
006107,ART MODEL,SDMED,TX
006111,ILLUSTRATOR PRN,BKCMP,TX
006111,ILLUSTRATOR PRN,DVCMP,TX
006111,ILLUSTRATOR PRN,DVMED,TX
006111,ILLUSTRATOR PRN,IRCMP,TX
006111,ILLUSTRATOR PRN,LACMP,TX
006111,ILLUSTRATOR PRN,LAMED,TX
006111,ILLUSTRATOR PRN,MECMP,TX
006111,ILLUSTRATOR PRN,RVCMP,TX
006111,ILLUSTRATOR PRN,SBCMP,TX
006111,ILLUSTRATOR PRN,SCCMP,TX
006111,ILLUSTRATOR PRN,SDCMP,TX
006111,ILLUSTRATOR PRN,SDMED,TX
006111,ILLUSTRATOR PRN,SFCMP,TX
006111,ILLUSTRATOR PRN,SFMED,TX
006111,ILLUSTRATOR PRN,UCANR,TX
006112,ILLUSTRATOR SR,BKCMP,TX
006112,ILLUSTRATOR SR,DVCMP,TX
006112,ILLUSTRATOR SR,DVMED,TX
006112,ILLUSTRATOR SR,IRCMP,TX
006112,ILLUSTRATOR SR,LACMP,TX
006112,ILLUSTRATOR SR,LAMED,TX
006112,ILLUSTRATOR SR,MECMP,TX
006112,ILLUSTRATOR SR,RVCMP,TX
006112,ILLUSTRATOR SR,SBCMP,TX
006112,ILLUSTRATOR SR,SCCMP,TX
006112,ILLUSTRATOR SR,SDCMP,TX
006112,ILLUSTRATOR SR,SDMED,TX
006112,ILLUSTRATOR SR,SFCMP,TX
006112,ILLUSTRATOR SR,SFMED,TX
006112,ILLUSTRATOR SR,UCANR,TX
006113,ILLUSTRATOR,BKCMP,TX
006113,ILLUSTRATOR,DVCMP,TX
006113,ILLUSTRATOR,DVMED,TX
006113,ILLUSTRATOR,IRCMP,TX
006113,ILLUSTRATOR,LACMP,TX
006113,ILLUSTRATOR,LAMED,TX
006113,ILLUSTRATOR,MECMP,TX
006113,ILLUSTRATOR,RVCMP,TX
006113,ILLUSTRATOR,SBCMP,TX
006113,ILLUSTRATOR,SCCMP,TX
006113,ILLUSTRATOR,SDCMP,TX
006113,ILLUSTRATOR,SDMED,TX
006113,ILLUSTRATOR,SFCMP,TX
006113,ILLUSTRATOR,SFMED,TX
006113,ILLUSTRATOR,UCANR,TX
006114,ILLUSTRATOR AST,BKCMP,TX
006114,ILLUSTRATOR AST,DVCMP,TX
006114,ILLUSTRATOR AST,DVMED,TX
006114,ILLUSTRATOR AST,IRCMP,TX
006114,ILLUSTRATOR AST,LACMP,TX
006114,ILLUSTRATOR AST,LAMED,TX
006114,ILLUSTRATOR AST,MECMP,TX
006114,ILLUSTRATOR AST,RVCMP,TX
006114,ILLUSTRATOR AST,SBCMP,TX
006114,ILLUSTRATOR AST,SCCMP,TX
006114,ILLUSTRATOR AST,SDCMP,TX
006114,ILLUSTRATOR AST,SDMED,TX
006114,ILLUSTRATOR AST,SFCMP,TX
006114,ILLUSTRATOR AST,SFMED,TX
006114,ILLUSTRATOR AST,UCANR,TX
006122,MED ILLUSTRATOR SR,BKCMP,TX
006122,MED ILLUSTRATOR SR,DVCMP,TX
006122,MED ILLUSTRATOR SR,DVMED,TX
006122,MED ILLUSTRATOR SR,IRCMP,TX
006122,MED ILLUSTRATOR SR,LACMP,TX
006122,MED ILLUSTRATOR SR,LAMED,TX
006122,MED ILLUSTRATOR SR,MECMP,TX
006122,MED ILLUSTRATOR SR,RVCMP,TX
006122,MED ILLUSTRATOR SR,SBCMP,TX
006122,MED ILLUSTRATOR SR,SDCMP,TX
006122,MED ILLUSTRATOR SR,SDMED,TX
006122,MED ILLUSTRATOR SR,SFCMP,TX
006122,MED ILLUSTRATOR SR,SFMED,TX
006123,MED ILLUSTRATOR,BKCMP,TX
006123,MED ILLUSTRATOR,DVCMP,TX
006123,MED ILLUSTRATOR,DVMED,TX
006123,MED ILLUSTRATOR,IRCMP,TX
006123,MED ILLUSTRATOR,LACMP,TX
006123,MED ILLUSTRATOR,LAMED,TX
006123,MED ILLUSTRATOR,MECMP,TX
006123,MED ILLUSTRATOR,RVCMP,TX
006123,MED ILLUSTRATOR,SBCMP,TX
006123,MED ILLUSTRATOR,SDCMP,TX
006123,MED ILLUSTRATOR,SDMED,TX
006123,MED ILLUSTRATOR,SFCMP,TX
006123,MED ILLUSTRATOR,SFMED,TX
006202,PROJECTIONIST SR,BKCMP,TX
006202,PROJECTIONIST SR,LACMP,TX
006202,PROJECTIONIST SR,LAMED,TX
006202,PROJECTIONIST SR,SDCMP,TX
006202,PROJECTIONIST SR,SDMED,TX
006202,PROJECTIONIST SR,SFCMP,TX
006202,PROJECTIONIST SR,SFMED,TX
006203,PROJECTIONIST,BKCMP,TX
006203,PROJECTIONIST,DVCMP,TX
006203,PROJECTIONIST,DVMED,TX
006203,PROJECTIONIST,IRCMP,TX
006203,PROJECTIONIST,LACMP,TX
006203,PROJECTIONIST,LAMED,TX
006203,PROJECTIONIST,MECMP,TX
006203,PROJECTIONIST,RVCMP,TX
006203,PROJECTIONIST,SBCMP,TX
006203,PROJECTIONIST,SCCMP,TX
006203,PROJECTIONIST,SDCMP,TX
006203,PROJECTIONIST,SDMED,TX
006203,PROJECTIONIST,SFCMP,TX
006203,PROJECTIONIST,SFMED,TX
006213,PRODUCER DIR SR,BKCMP,TX
006213,PRODUCER DIR SR,DVCMP,TX
006213,PRODUCER DIR SR,DVMED,TX
006213,PRODUCER DIR SR,IRCMP,TX
006213,PRODUCER DIR SR,LACMP,TX
006213,PRODUCER DIR SR,LAMED,TX
006213,PRODUCER DIR SR,MECMP,TX
006213,PRODUCER DIR SR,RVCMP,TX
006213,PRODUCER DIR SR,SBCMP,TX
006213,PRODUCER DIR SR,SCCMP,TX
006213,PRODUCER DIR SR,SDCMP,TX
006213,PRODUCER DIR SR,SDMED,TX
006213,PRODUCER DIR SR,SFCMP,TX
006213,PRODUCER DIR SR,SFMED,TX
006213,PRODUCER DIR SR,UCANR,TX
006213,PRODUCER DIR SR,UCOP1,TX
006214,PRODUCER DIR,BKCMP,TX
006214,PRODUCER DIR,DVCMP,TX
006214,PRODUCER DIR,DVMED,TX
006214,PRODUCER DIR,IRCMP,TX
006214,PRODUCER DIR,LACMP,TX
006214,PRODUCER DIR,LAMED,TX
006214,PRODUCER DIR,MECMP,TX
006214,PRODUCER DIR,RVCMP,TX
006214,PRODUCER DIR,SBCMP,TX
006214,PRODUCER DIR,SCCMP,TX
006214,PRODUCER DIR,SDCMP,TX
006214,PRODUCER DIR,SDMED,TX
006214,PRODUCER DIR,SFCMP,TX
006214,PRODUCER DIR,SFMED,TX
006214,PRODUCER DIR,UCANR,TX
006214,PRODUCER DIR,UCOP1,TX
006215,PRODUCER DIR AST,BKCMP,TX
006215,PRODUCER DIR AST,DVCMP,TX
006215,PRODUCER DIR AST,DVMED,TX
006215,PRODUCER DIR AST,IRCMP,TX
006215,PRODUCER DIR AST,LACMP,TX
006215,PRODUCER DIR AST,LAMED,TX
006215,PRODUCER DIR AST,MECMP,TX
006215,PRODUCER DIR AST,RVCMP,TX
006215,PRODUCER DIR AST,SBCMP,TX
006215,PRODUCER DIR AST,SCCMP,TX
006215,PRODUCER DIR AST,SDCMP,TX
006215,PRODUCER DIR AST,SDMED,TX
006215,PRODUCER DIR AST,SFCMP,TX
006215,PRODUCER DIR AST,SFMED,TX
006215,PRODUCER DIR AST,UCANR,TX
006221,PHOTOGRAPHER PRN,BKCMP,TX
006221,PHOTOGRAPHER PRN,DVCMP,TX
006221,PHOTOGRAPHER PRN,DVMED,TX
006221,PHOTOGRAPHER PRN,IRCMP,TX
006221,PHOTOGRAPHER PRN,IRMED,TX
006221,PHOTOGRAPHER PRN,LACMP,TX
006221,PHOTOGRAPHER PRN,LAMED,TX
006221,PHOTOGRAPHER PRN,MECMP,TX
006221,PHOTOGRAPHER PRN,RVCMP,TX
006221,PHOTOGRAPHER PRN,SBCMP,TX
006221,PHOTOGRAPHER PRN,SCCMP,TX
006221,PHOTOGRAPHER PRN,SDCMP,TX
006221,PHOTOGRAPHER PRN,SDMED,TX
006221,PHOTOGRAPHER PRN,SFCMP,TX
006221,PHOTOGRAPHER PRN,SFMED,TX
006222,PHOTOGRAPHER SR,BKCMP,TX
006222,PHOTOGRAPHER SR,DVCMP,TX
006222,PHOTOGRAPHER SR,DVMED,TX
006222,PHOTOGRAPHER SR,IRCMP,TX
006222,PHOTOGRAPHER SR,IRMED,TX
006222,PHOTOGRAPHER SR,LACMP,TX
006222,PHOTOGRAPHER SR,LAMED,TX
006222,PHOTOGRAPHER SR,MECMP,TX
006222,PHOTOGRAPHER SR,RVCMP,TX
006222,PHOTOGRAPHER SR,SBCMP,TX
006222,PHOTOGRAPHER SR,SCCMP,TX
006222,PHOTOGRAPHER SR,SDCMP,TX
006222,PHOTOGRAPHER SR,SDMED,TX
006222,PHOTOGRAPHER SR,SFCMP,TX
006222,PHOTOGRAPHER SR,SFMED,TX
006223,PHOTOGRAPHER,BKCMP,TX
006223,PHOTOGRAPHER,DVCMP,TX
006223,PHOTOGRAPHER,DVMED,TX
006223,PHOTOGRAPHER,IRCMP,TX
006223,PHOTOGRAPHER,IRMED,TX
006223,PHOTOGRAPHER,LACMP,TX
006223,PHOTOGRAPHER,LAMED,TX
006223,PHOTOGRAPHER,MECMP,TX
006223,PHOTOGRAPHER,RVCMP,TX
006223,PHOTOGRAPHER,SBCMP,TX
006223,PHOTOGRAPHER,SCCMP,TX
006223,PHOTOGRAPHER,SDCMP,TX
006223,PHOTOGRAPHER,SDMED,TX
006223,PHOTOGRAPHER,SFCMP,TX
006223,PHOTOGRAPHER,SFMED,TX
006226,PHOTOGRAPHIC TCHN SR,BKCMP,TX
006226,PHOTOGRAPHIC TCHN SR,DVCMP,TX
006226,PHOTOGRAPHIC TCHN SR,DVMED,TX
006226,PHOTOGRAPHIC TCHN SR,IRCMP,TX
006226,PHOTOGRAPHIC TCHN SR,LACMP,TX
006226,PHOTOGRAPHIC TCHN SR,LAMED,TX
006226,PHOTOGRAPHIC TCHN SR,MECMP,TX
006226,PHOTOGRAPHIC TCHN SR,RVCMP,TX
006226,PHOTOGRAPHIC TCHN SR,SBCMP,TX
006226,PHOTOGRAPHIC TCHN SR,SCCMP,TX
006226,PHOTOGRAPHIC TCHN SR,SDCMP,TX
006226,PHOTOGRAPHIC TCHN SR,SDMED,TX
006226,PHOTOGRAPHIC TCHN SR,SFCMP,TX
006226,PHOTOGRAPHIC TCHN SR,SFMED,TX
006227,PHOTOGRAPHIC TCHN,BKCMP,TX
006227,PHOTOGRAPHIC TCHN,DVCMP,TX
006227,PHOTOGRAPHIC TCHN,DVMED,TX
006227,PHOTOGRAPHIC TCHN,IRCMP,TX
006227,PHOTOGRAPHIC TCHN,LACMP,TX
006227,PHOTOGRAPHIC TCHN,LAMED,TX
006227,PHOTOGRAPHIC TCHN,MECMP,TX
006227,PHOTOGRAPHIC TCHN,RVCMP,TX
006227,PHOTOGRAPHIC TCHN,SBCMP,TX
006227,PHOTOGRAPHIC TCHN,SCCMP,TX
006227,PHOTOGRAPHIC TCHN,SDCMP,TX
006227,PHOTOGRAPHIC TCHN,SDMED,TX
006227,PHOTOGRAPHIC TCHN,SFCMP,TX
006227,PHOTOGRAPHIC TCHN,SFMED,TX
006254,RECORDING TCHN,BKCMP,TX
006254,RECORDING TCHN,LACMP,TX
006254,RECORDING TCHN,LAMED,TX
006254,RECORDING TCHN,RVCMP,TX
006254,RECORDING TCHN,SBCMP,TX
006254,RECORDING TCHN,SCCMP,TX
006254,RECORDING TCHN,SDCMP,TX
006254,RECORDING TCHN,SDMED,TX
006254,RECORDING TCHN,SFCMP,TX
006254,RECORDING TCHN,SFMED,TX
006314,PUBL EVENTS MGR AST,BKCMP,TX
006314,PUBL EVENTS MGR AST,DVCMP,TX
006314,PUBL EVENTS MGR AST,DVMED,TX
006314,PUBL EVENTS MGR AST,IRCMP,TX
006314,PUBL EVENTS MGR AST,LACMP,TX
006314,PUBL EVENTS MGR AST,LAMED,TX
006314,PUBL EVENTS MGR AST,MECMP,TX
006314,PUBL EVENTS MGR AST,RVCMP,TX
006314,PUBL EVENTS MGR AST,SBCMP,TX
006314,PUBL EVENTS MGR AST,SCCMP,TX
006314,PUBL EVENTS MGR AST,SDCMP,TX
006314,PUBL EVENTS MGR AST,SDMED,TX
006314,PUBL EVENTS MGR AST,SFCMP,TX
006314,PUBL EVENTS MGR AST,SFMED,TX
006316,WARDROBE TCHN PRN,IRCMP,TX
006316,WARDROBE TCHN PRN,LACMP,TX
006316,WARDROBE TCHN PRN,LAMED,TX
006316,WARDROBE TCHN PRN,RVCMP,TX
006316,WARDROBE TCHN PRN,SCCMP,TX
006317,WARDROBE TCHN SR,BKCMP,TX
006317,WARDROBE TCHN SR,DVCMP,TX
006317,WARDROBE TCHN SR,DVMED,TX
006317,WARDROBE TCHN SR,IRCMP,TX
006317,WARDROBE TCHN SR,LACMP,TX
006317,WARDROBE TCHN SR,LAMED,TX
006317,WARDROBE TCHN SR,MECMP,TX
006317,WARDROBE TCHN SR,RVCMP,TX
006317,WARDROBE TCHN SR,SBCMP,TX
006317,WARDROBE TCHN SR,SCCMP,TX
006317,WARDROBE TCHN SR,SDCMP,TX
006317,WARDROBE TCHN SR,SDMED,TX
006317,WARDROBE TCHN SR,SFCMP,TX
006317,WARDROBE TCHN SR,SFMED,TX
006318,WARDROBE TCHN,BKCMP,TX
006318,WARDROBE TCHN,DVCMP,TX
006318,WARDROBE TCHN,DVMED,TX
006318,WARDROBE TCHN,IRCMP,TX
006318,WARDROBE TCHN,LACMP,TX
006318,WARDROBE TCHN,LAMED,TX
006318,WARDROBE TCHN,MECMP,TX
006318,WARDROBE TCHN,RVCMP,TX
006318,WARDROBE TCHN,SBCMP,TX
006318,WARDROBE TCHN,SCCMP,TX
006318,WARDROBE TCHN,SDCMP,TX
006318,WARDROBE TCHN,SDMED,TX
006318,WARDROBE TCHN,SFCMP,TX
006318,WARDROBE TCHN,SFMED,TX
006332,SCENE TCHN SR,BKCMP,TX
006332,SCENE TCHN SR,DVCMP,TX
006332,SCENE TCHN SR,DVMED,TX
006332,SCENE TCHN SR,IRCMP,TX
006332,SCENE TCHN SR,LACMP,TX
006332,SCENE TCHN SR,LAMED,TX
006332,SCENE TCHN SR,MECMP,TX
006332,SCENE TCHN SR,RVCMP,TX
006332,SCENE TCHN SR,SBCMP,TX
006332,SCENE TCHN SR,SCCMP,TX
006332,SCENE TCHN SR,SDCMP,TX
006332,SCENE TCHN SR,SDMED,TX
006332,SCENE TCHN SR,SFCMP,TX
006332,SCENE TCHN SR,SFMED,TX
006333,SCENE TCHN,BKCMP,TX
006333,SCENE TCHN,DVCMP,TX
006333,SCENE TCHN,DVMED,TX
006333,SCENE TCHN,IRCMP,TX
006333,SCENE TCHN,LACMP,TX
006333,SCENE TCHN,LAMED,TX
006333,SCENE TCHN,MECMP,TX
006333,SCENE TCHN,RVCMP,TX
006333,SCENE TCHN,SBCMP,TX
006333,SCENE TCHN,SCCMP,TX
006333,SCENE TCHN,SDCMP,TX
006333,SCENE TCHN,SDMED,TX
006333,SCENE TCHN,SFCMP,TX
006333,SCENE TCHN,SFMED,TX
006334,SCENE TCHN AST,BKCMP,TX
006334,SCENE TCHN AST,DVCMP,TX
006334,SCENE TCHN AST,DVMED,TX
006334,SCENE TCHN AST,IRCMP,TX
006334,SCENE TCHN AST,LACMP,TX
006334,SCENE TCHN AST,LAMED,TX
006334,SCENE TCHN AST,MECMP,TX
006334,SCENE TCHN AST,RVCMP,TX
006334,SCENE TCHN AST,SBCMP,TX
006334,SCENE TCHN AST,SCCMP,TX
006334,SCENE TCHN AST,SDCMP,TX
006334,SCENE TCHN AST,SDMED,TX
006334,SCENE TCHN AST,SFCMP,TX
006334,SCENE TCHN AST,SFMED,TX
006335,SCENE TCHN PRN,BKCMP,TX
006335,SCENE TCHN PRN,DVCMP,TX
006335,SCENE TCHN PRN,DVMED,TX
006335,SCENE TCHN PRN,RVCMP,TX
006336,SCENE TCHN SR PD,BKCMP,TX
006336,SCENE TCHN SR PD,DVCMP,TX
006336,SCENE TCHN SR PD,DVMED,TX
006337,SCENE TCHN PD,BKCMP,TX
006337,SCENE TCHN PD,DVCMP,TX
006337,SCENE TCHN PD,DVMED,TX
006338,SCENE TCHN AST PD,BKCMP,TX
006344,STAGE HELPER,BKCMP,TX
006344,STAGE HELPER,DVCMP,TX
006344,STAGE HELPER,DVMED,TX
006344,STAGE HELPER,IRCMP,TX
006344,STAGE HELPER,LACMP,TX
006344,STAGE HELPER,MECMP,TX
006344,STAGE HELPER,RVCMP,TX
006344,STAGE HELPER,SBCMP,TX
006344,STAGE HELPER,SCCMP,TX
006344,STAGE HELPER,SDCMP,TX
006344,STAGE HELPER,SDMED,TX
006344,STAGE HELPER,SFCMP,TX
006344,STAGE HELPER,SFMED,TX
006650,LANGUAGE AST,BKCMP,TX
006650,LANGUAGE AST,DVCMP,TX
006650,LANGUAGE AST,DVMED,TX
006650,LANGUAGE AST,IRCMP,TX
006650,LANGUAGE AST,LACMP,TX
006650,LANGUAGE AST,LAMED,TX
006650,LANGUAGE AST,MECMP,TX
006650,LANGUAGE AST,RVCMP,TX
006650,LANGUAGE AST,SBCMP,TX
006650,LANGUAGE AST,SDCMP,TX
006650,LANGUAGE AST,SDMED,TX
006650,LANGUAGE AST,SFCMP,TX
006650,LANGUAGE AST,SFMED,TX
006652,LINGUISTIC INTERPRETER SR,BKCMP,TX
006652,LINGUISTIC INTERPRETER SR,DVCMP,TX
006652,LINGUISTIC INTERPRETER SR,DVMED,TX
006652,LINGUISTIC INTERPRETER SR,IRCMP,TX
006652,LINGUISTIC INTERPRETER SR,LACMP,TX
006652,LINGUISTIC INTERPRETER SR,LAMED,TX
006652,LINGUISTIC INTERPRETER SR,MECMP,TX
006652,LINGUISTIC INTERPRETER SR,RVCMP,TX
006652,LINGUISTIC INTERPRETER SR,SBCMP,TX
006652,LINGUISTIC INTERPRETER SR,SDCMP,TX
006652,LINGUISTIC INTERPRETER SR,SDMED,TX
006652,LINGUISTIC INTERPRETER SR,SFCMP,TX
006652,LINGUISTIC INTERPRETER SR,SFMED,TX
006653,LINGUISTIC INTERPRETER,BKCMP,TX
006653,LINGUISTIC INTERPRETER,DVCMP,TX
006653,LINGUISTIC INTERPRETER,DVMED,TX
006653,LINGUISTIC INTERPRETER,IRCMP,TX
006653,LINGUISTIC INTERPRETER,LACMP,TX
006653,LINGUISTIC INTERPRETER,LAMED,TX
006653,LINGUISTIC INTERPRETER,MECMP,TX
006653,LINGUISTIC INTERPRETER,RVCMP,TX
006653,LINGUISTIC INTERPRETER,SBCMP,TX
006653,LINGUISTIC INTERPRETER,SDCMP,TX
006653,LINGUISTIC INTERPRETER,SDMED,TX
006653,LINGUISTIC INTERPRETER,SFCMP,TX
006653,LINGUISTIC INTERPRETER,SFMED,TX
006677,READER FOR THE BLIND,BKCMP,TX
006677,READER FOR THE BLIND,DVCMP,TX
006677,READER FOR THE BLIND,DVMED,TX
006677,READER FOR THE BLIND,IRCMP,TX
006677,READER FOR THE BLIND,LACMP,TX
006677,READER FOR THE BLIND,LAMED,TX
006677,READER FOR THE BLIND,MECMP,TX
006677,READER FOR THE BLIND,RVCMP,TX
006677,READER FOR THE BLIND,SBCMP,TX
006677,READER FOR THE BLIND,SDCMP,TX
006677,READER FOR THE BLIND,SDMED,TX
006677,READER FOR THE BLIND,SFCMP,TX
006677,READER FOR THE BLIND,SFMED,TX
006680,DEAF TRANSLATOR INTERPRETER,BKCMP,TX
006680,DEAF TRANSLATOR INTERPRETER,DVCMP,TX
006680,DEAF TRANSLATOR INTERPRETER,DVMED,TX
006680,DEAF TRANSLATOR INTERPRETER,IRCMP,TX
006680,DEAF TRANSLATOR INTERPRETER,LACMP,TX
006680,DEAF TRANSLATOR INTERPRETER,LAMED,TX
006680,DEAF TRANSLATOR INTERPRETER,MECMP,TX
006680,DEAF TRANSLATOR INTERPRETER,RVCMP,TX
006680,DEAF TRANSLATOR INTERPRETER,SBCMP,TX
006680,DEAF TRANSLATOR INTERPRETER,SCCMP,TX
006680,DEAF TRANSLATOR INTERPRETER,SDCMP,TX
006680,DEAF TRANSLATOR INTERPRETER,SDMED,TX
006680,DEAF TRANSLATOR INTERPRETER,SFCMP,TX
006680,DEAF TRANSLATOR INTERPRETER,SFMED,TX
006681,CART CAPTIONIST,BKCMP,TX
006681,CART CAPTIONIST,IRCMP,TX
006681,CART CAPTIONIST,LACMP,TX
006681,CART CAPTIONIST,LAMED,TX
006681,CART CAPTIONIST,MECMP,TX
006681,CART CAPTIONIST,SBCMP,TX
006682,CART CAPTIONIST PD,BKCMP,TX
006693,TRANSLATOR NONTECHNICAL,BKCMP,TX
006693,TRANSLATOR NONTECHNICAL,DVCMP,TX
006693,TRANSLATOR NONTECHNICAL,DVMED,TX
006693,TRANSLATOR NONTECHNICAL,IRCMP,TX
006693,TRANSLATOR NONTECHNICAL,LACMP,TX
006693,TRANSLATOR NONTECHNICAL,LAMED,TX
006693,TRANSLATOR NONTECHNICAL,MECMP,TX
006693,TRANSLATOR NONTECHNICAL,RVCMP,TX
006693,TRANSLATOR NONTECHNICAL,SBCMP,TX
006693,TRANSLATOR NONTECHNICAL,SDCMP,TX
006693,TRANSLATOR NONTECHNICAL,SDMED,TX
006693,TRANSLATOR NONTECHNICAL,SFCMP,TX
006693,TRANSLATOR NONTECHNICAL,SFMED,TX
006694,TRANSLATOR TCHL,BKCMP,TX
006694,TRANSLATOR TCHL,DVCMP,TX
006694,TRANSLATOR TCHL,DVMED,TX
006694,TRANSLATOR TCHL,IRCMP,TX
006694,TRANSLATOR TCHL,LACMP,TX
006694,TRANSLATOR TCHL,LAMED,TX
006694,TRANSLATOR TCHL,MECMP,TX
006694,TRANSLATOR TCHL,RVCMP,TX
006694,TRANSLATOR TCHL,SBCMP,TX
006694,TRANSLATOR TCHL,SDCMP,TX
006694,TRANSLATOR TCHL,SDMED,TX
006694,TRANSLATOR TCHL,SFCMP,TX
006694,TRANSLATOR TCHL,SFMED,TX
006695,TRANSLATOR PD,DVCMP,TX
006695,TRANSLATOR PD,DVMED,TX
006695,TRANSLATOR PD,MECMP,TX
006695,TRANSLATOR PD,UCANR,TX
007002,CONST INSP SR,BKCMP,TX
007002,CONST INSP SR,DVCMP,TX
007002,CONST INSP SR,DVMED,TX
007002,CONST INSP SR,IRCMP,TX
007002,CONST INSP SR,LACMP,TX
007002,CONST INSP SR,LAMED,TX
007002,CONST INSP SR,MECMP,TX
007002,CONST INSP SR,RVCMP,TX
007002,CONST INSP SR,SBCMP,TX
007002,CONST INSP SR,SCCMP,TX
007002,CONST INSP SR,SDCMP,TX
007002,CONST INSP SR,SDMED,TX
007002,CONST INSP SR,SFCMP,TX
007002,CONST INSP SR,SFMED,TX
007003,CONST INSP ASC,BKCMP,TX
007003,CONST INSP ASC,DVCMP,TX
007003,CONST INSP ASC,DVMED,TX
007003,CONST INSP ASC,IRCMP,TX
007003,CONST INSP ASC,LACMP,TX
007003,CONST INSP ASC,LAMED,TX
007003,CONST INSP ASC,MECMP,TX
007003,CONST INSP ASC,RVCMP,TX
007003,CONST INSP ASC,SBCMP,TX
007003,CONST INSP ASC,SCCMP,TX
007003,CONST INSP ASC,SDCMP,TX
007003,CONST INSP ASC,SDMED,TX
007003,CONST INSP ASC,SFCMP,TX
007003,CONST INSP ASC,SFMED,TX
007004,CONST INSP AST,BKCMP,TX
007004,CONST INSP AST,DVCMP,TX
007004,CONST INSP AST,DVMED,TX
007004,CONST INSP AST,IRCMP,TX
007004,CONST INSP AST,LACMP,TX
007004,CONST INSP AST,LAMED,TX
007004,CONST INSP AST,MECMP,TX
007004,CONST INSP AST,RVCMP,TX
007004,CONST INSP AST,SBCMP,TX
007004,CONST INSP AST,SCCMP,TX
007004,CONST INSP AST,SDCMP,TX
007004,CONST INSP AST,SDMED,TX
007004,CONST INSP AST,SFCMP,TX
007004,CONST INSP AST,SFMED,TX
007101,DRAFTING TCHN PRN,BKCMP,TX
007101,DRAFTING TCHN PRN,DVCMP,TX
007101,DRAFTING TCHN PRN,DVMED,TX
007101,DRAFTING TCHN PRN,IRCMP,TX
007101,DRAFTING TCHN PRN,LACMP,TX
007101,DRAFTING TCHN PRN,LAMED,TX
007101,DRAFTING TCHN PRN,MECMP,TX
007101,DRAFTING TCHN PRN,RVCMP,TX
007101,DRAFTING TCHN PRN,SBCMP,TX
007101,DRAFTING TCHN PRN,SCCMP,TX
007101,DRAFTING TCHN PRN,SDCMP,TX
007101,DRAFTING TCHN PRN,SDMED,TX
007101,DRAFTING TCHN PRN,SFCMP,TX
007101,DRAFTING TCHN PRN,SFMED,TX
007102,DRAFTING TCHN SR,BKCMP,TX
007102,DRAFTING TCHN SR,DVCMP,TX
007102,DRAFTING TCHN SR,DVMED,TX
007102,DRAFTING TCHN SR,IRCMP,TX
007102,DRAFTING TCHN SR,LACMP,TX
007102,DRAFTING TCHN SR,LAMED,TX
007102,DRAFTING TCHN SR,MECMP,TX
007102,DRAFTING TCHN SR,RVCMP,TX
007102,DRAFTING TCHN SR,SBCMP,TX
007102,DRAFTING TCHN SR,SCCMP,TX
007102,DRAFTING TCHN SR,SDCMP,TX
007102,DRAFTING TCHN SR,SDMED,TX
007102,DRAFTING TCHN SR,SFCMP,TX
007102,DRAFTING TCHN SR,SFMED,TX
007103,DRAFTING TCHN,BKCMP,TX
007103,DRAFTING TCHN,DVCMP,TX
007103,DRAFTING TCHN,DVMED,TX
007103,DRAFTING TCHN,IRCMP,TX
007103,DRAFTING TCHN,LACMP,TX
007103,DRAFTING TCHN,LAMED,TX
007103,DRAFTING TCHN,MECMP,TX
007103,DRAFTING TCHN,RVCMP,TX
007103,DRAFTING TCHN,SBCMP,TX
007103,DRAFTING TCHN,SCCMP,TX
007103,DRAFTING TCHN,SDCMP,TX
007103,DRAFTING TCHN,SDMED,TX
007103,DRAFTING TCHN,SFCMP,TX
007103,DRAFTING TCHN,SFMED,TX
007113,TELEVISION ENGR,BKCMP,TX
007113,TELEVISION ENGR,DVCMP,TX
007113,TELEVISION ENGR,DVMED,TX
007113,TELEVISION ENGR,IRCMP,TX
007113,TELEVISION ENGR,LACMP,TX
007113,TELEVISION ENGR,LAMED,TX
007113,TELEVISION ENGR,MECMP,TX
007113,TELEVISION ENGR,RVCMP,TX
007113,TELEVISION ENGR,SBCMP,TX
007113,TELEVISION ENGR,SCCMP,TX
007113,TELEVISION ENGR,SDCMP,TX
007113,TELEVISION ENGR,SDMED,TX
007113,TELEVISION ENGR,SFCMP,TX
007113,TELEVISION ENGR,SFMED,TX
007141,EHS TCHN PRN,BKCMP,TX
007141,EHS TCHN PRN,DVCMP,TX
007141,EHS TCHN PRN,DVMED,TX
007141,EHS TCHN PRN,IRCMP,TX
007141,EHS TCHN PRN,IRMED,TX
007141,EHS TCHN PRN,LACMP,TX
007141,EHS TCHN PRN,LAMED,TX
007141,EHS TCHN PRN,MECMP,TX
007141,EHS TCHN PRN,RVCMP,TX
007141,EHS TCHN PRN,SBCMP,TX
007141,EHS TCHN PRN,SCCMP,TX
007141,EHS TCHN PRN,SDCMP,TX
007141,EHS TCHN PRN,SDMED,TX
007141,EHS TCHN PRN,SFCMP,TX
007141,EHS TCHN PRN,SFMED,TX
007142,EHS TCHN SR,BKCMP,TX
007142,EHS TCHN SR,DVCMP,TX
007142,EHS TCHN SR,DVMED,TX
007142,EHS TCHN SR,IRCMP,TX
007142,EHS TCHN SR,IRMED,TX
007142,EHS TCHN SR,LACMP,TX
007142,EHS TCHN SR,LAMED,TX
007142,EHS TCHN SR,MECMP,TX
007142,EHS TCHN SR,RVCMP,TX
007142,EHS TCHN SR,SBCMP,TX
007142,EHS TCHN SR,SCCMP,TX
007142,EHS TCHN SR,SDCMP,TX
007142,EHS TCHN SR,SDMED,TX
007142,EHS TCHN SR,SFCMP,TX
007142,EHS TCHN SR,SFMED,TX
007143,EHS TCHN,BKCMP,TX
007143,EHS TCHN,DVCMP,TX
007143,EHS TCHN,DVMED,TX
007143,EHS TCHN,IRCMP,TX
007143,EHS TCHN,IRMED,TX
007143,EHS TCHN,LACMP,TX
007143,EHS TCHN,LAMED,TX
007143,EHS TCHN,MECMP,TX
007143,EHS TCHN,RVCMP,TX
007143,EHS TCHN,SBCMP,TX
007143,EHS TCHN,SCCMP,TX
007143,EHS TCHN,SDCMP,TX
007143,EHS TCHN,SDMED,TX
007143,EHS TCHN,SFCMP,TX
007143,EHS TCHN,SFMED,TX
007161,ENGR AID PRN,BKCMP,TX
007161,ENGR AID PRN,DVCMP,TX
007161,ENGR AID PRN,DVMED,TX
007161,ENGR AID PRN,IRCMP,TX
007161,ENGR AID PRN,LACMP,TX
007161,ENGR AID PRN,LAMED,TX
007161,ENGR AID PRN,MECMP,TX
007161,ENGR AID PRN,RVCMP,TX
007161,ENGR AID PRN,SBCMP,TX
007161,ENGR AID PRN,SCCMP,TX
007161,ENGR AID PRN,SDCMP,TX
007161,ENGR AID PRN,SDMED,TX
007161,ENGR AID PRN,SFCMP,TX
007161,ENGR AID PRN,SFMED,TX
007162,ENGR AID SR,BKCMP,TX
007162,ENGR AID SR,DVCMP,TX
007162,ENGR AID SR,DVMED,TX
007162,ENGR AID SR,IRCMP,TX
007162,ENGR AID SR,LACMP,TX
007162,ENGR AID SR,LAMED,TX
007162,ENGR AID SR,MECMP,TX
007162,ENGR AID SR,RVCMP,TX
007162,ENGR AID SR,SBCMP,TX
007162,ENGR AID SR,SCCMP,TX
007162,ENGR AID SR,SDCMP,TX
007162,ENGR AID SR,SDMED,TX
007162,ENGR AID SR,SFCMP,TX
007162,ENGR AID SR,SFMED,TX
007163,ENGR AID,BKCMP,TX
007163,ENGR AID,DVCMP,TX
007163,ENGR AID,DVMED,TX
007163,ENGR AID,IRCMP,TX
007163,ENGR AID,LACMP,TX
007163,ENGR AID,LAMED,TX
007163,ENGR AID,MECMP,TX
007163,ENGR AID,RVCMP,TX
007163,ENGR AID,SBCMP,TX
007163,ENGR AID,SCCMP,TX
007163,ENGR AID,SDCMP,TX
007163,ENGR AID,SDMED,TX
007163,ENGR AID,SFCMP,TX
007163,ENGR AID,SFMED,TX
007170,DEV TCHN 5,BKCMP,TX
007170,DEV TCHN 5,DVCMP,TX
007170,DEV TCHN 5,DVMED,TX
007170,DEV TCHN 5,IRCMP,TX
007170,DEV TCHN 5,LACMP,TX
007170,DEV TCHN 5,LAMED,TX
007170,DEV TCHN 5,MECMP,TX
007170,DEV TCHN 5,RVCMP,TX
007170,DEV TCHN 5,SBCMP,TX
007170,DEV TCHN 5,SCCMP,TX
007170,DEV TCHN 5,SDCMP,TX
007170,DEV TCHN 5,SDMED,TX
007170,DEV TCHN 5,SFCMP,TX
007170,DEV TCHN 5,SFMED,TX
007171,DEV TCHN 4,BKCMP,TX
007171,DEV TCHN 4,DVCMP,TX
007171,DEV TCHN 4,DVMED,TX
007171,DEV TCHN 4,IRCMP,TX
007171,DEV TCHN 4,LACMP,TX
007171,DEV TCHN 4,LAMED,TX
007171,DEV TCHN 4,MECMP,TX
007171,DEV TCHN 4,RVCMP,TX
007171,DEV TCHN 4,SBCMP,TX
007171,DEV TCHN 4,SCCMP,TX
007171,DEV TCHN 4,SDCMP,TX
007171,DEV TCHN 4,SDMED,TX
007171,DEV TCHN 4,SFCMP,TX
007171,DEV TCHN 4,SFMED,TX
007172,DEV TCHN 3,BKCMP,TX
007172,DEV TCHN 3,DVCMP,TX
007172,DEV TCHN 3,DVMED,TX
007172,DEV TCHN 3,IRCMP,TX
007172,DEV TCHN 3,LACMP,TX
007172,DEV TCHN 3,LAMED,TX
007172,DEV TCHN 3,MECMP,TX
007172,DEV TCHN 3,RVCMP,TX
007172,DEV TCHN 3,SBCMP,TX
007172,DEV TCHN 3,SCCMP,TX
007172,DEV TCHN 3,SDCMP,TX
007172,DEV TCHN 3,SDMED,TX
007172,DEV TCHN 3,SFCMP,TX
007172,DEV TCHN 3,SFMED,TX
007173,DEV TCHN 2,BKCMP,TX
007173,DEV TCHN 2,DVCMP,TX
007173,DEV TCHN 2,DVMED,TX
007173,DEV TCHN 2,IRCMP,TX
007173,DEV TCHN 2,LACMP,TX
007173,DEV TCHN 2,LAMED,TX
007173,DEV TCHN 2,MECMP,TX
007173,DEV TCHN 2,RVCMP,TX
007173,DEV TCHN 2,SBCMP,TX
007173,DEV TCHN 2,SCCMP,TX
007173,DEV TCHN 2,SDCMP,TX
007173,DEV TCHN 2,SDMED,TX
007173,DEV TCHN 2,SFCMP,TX
007173,DEV TCHN 2,SFMED,TX
007174,DEV TCHN 1,BKCMP,TX
007174,DEV TCHN 1,IRCMP,TX
007174,DEV TCHN 1,LACMP,TX
007174,DEV TCHN 1,LAMED,TX
007174,DEV TCHN 1,RVCMP,TX
007174,DEV TCHN 1,SBCMP,TX
007174,DEV TCHN 1,SCCMP,TX
007174,DEV TCHN 1,SDCMP,TX
007174,DEV TCHN 1,SDMED,TX
007174,DEV TCHN 1,SFCMP,TX
007174,DEV TCHN 1,SFMED,TX
007346,TECH SUPP ANL 1,UCOP1,TX
007347,TECH SUPP ANL 2,UCOP1,TX
007348,TECH SUPP ANL 3,UCOP1,TX
007358,BUS TCHL SUPP ANL 3 TX,BKCMP,TX
007358,BUS TCHL SUPP ANL 3 TX,DVCMP,TX
007358,BUS TCHL SUPP ANL 3 TX,DVMED,TX
007358,BUS TCHL SUPP ANL 3 TX,IRCMP,TX
007358,BUS TCHL SUPP ANL 3 TX,IRMED,TX
007358,BUS TCHL SUPP ANL 3 TX,MECMP,TX
007358,BUS TCHL SUPP ANL 3 TX,RVCMP,TX
007358,BUS TCHL SUPP ANL 3 TX,SBCMP,TX
007358,BUS TCHL SUPP ANL 3 TX,SCCMP,TX
007358,BUS TCHL SUPP ANL 3 TX,SDCMP,TX
007358,BUS TCHL SUPP ANL 3 TX,SDMED,TX
007358,BUS TCHL SUPP ANL 3 TX,SFCMP,TX
007358,BUS TCHL SUPP ANL 3 TX,SFMED,TX
007358,BUS TCHL SUPP ANL 3 TX,UCANR,TX
007359,BUS TCHL SUPP ANL 2 TX,BKCMP,TX
007359,BUS TCHL SUPP ANL 2 TX,DVCMP,TX
007359,BUS TCHL SUPP ANL 2 TX,DVMED,TX
007359,BUS TCHL SUPP ANL 2 TX,IRCMP,TX
007359,BUS TCHL SUPP ANL 2 TX,IRMED,TX
007359,BUS TCHL SUPP ANL 2 TX,MECMP,TX
007359,BUS TCHL SUPP ANL 2 TX,RVCMP,TX
007359,BUS TCHL SUPP ANL 2 TX,SBCMP,TX
007359,BUS TCHL SUPP ANL 2 TX,SCCMP,TX
007359,BUS TCHL SUPP ANL 2 TX,SDCMP,TX
007359,BUS TCHL SUPP ANL 2 TX,SDMED,TX
007359,BUS TCHL SUPP ANL 2 TX,SFCMP,TX
007359,BUS TCHL SUPP ANL 2 TX,SFMED,TX
007359,BUS TCHL SUPP ANL 2 TX,UCANR,TX
007684,EDITOR,BKCMP,TX
007684,EDITOR,DVCMP,TX
007684,EDITOR,DVMED,TX
007684,EDITOR,IRCMP,TX
007684,EDITOR,IRMED,TX
007684,EDITOR,LACMP,TX
007684,EDITOR,LAMED,TX
007684,EDITOR,MECMP,TX
007684,EDITOR,RVCMP,TX
007684,EDITOR,SBCMP,TX
007684,EDITOR,SCCMP,TX
007684,EDITOR,SDCMP,TX
007684,EDITOR,SDMED,TX
007684,EDITOR,SFCMP,TX
007684,EDITOR,SFMED,TX
007684,EDITOR,UCANR,TX
007684,EDITOR,UCOP1,TX
007685,EDITOR AST,BKCMP,TX
007685,EDITOR AST,DVCMP,TX
007685,EDITOR AST,DVMED,TX
007685,EDITOR AST,IRCMP,TX
007685,EDITOR AST,IRMED,TX
007685,EDITOR AST,LACMP,TX
007685,EDITOR AST,LAMED,TX
007685,EDITOR AST,MECMP,TX
007685,EDITOR AST,RVCMP,TX
007685,EDITOR AST,SBCMP,TX
007685,EDITOR AST,SCCMP,TX
007685,EDITOR AST,SDCMP,TX
007685,EDITOR AST,SDMED,TX
007685,EDITOR AST,SFCMP,TX
007685,EDITOR AST,SFMED,TX
007685,EDITOR AST,UCANR,TX
007685,EDITOR AST,UCOP1,TX
007704,WRITER,BKCMP,TX
007704,WRITER,DVCMP,TX
007704,WRITER,DVMED,TX
007704,WRITER,IRCMP,TX
007704,WRITER,IRMED,TX
007704,WRITER,LACMP,TX
007704,WRITER,LAMED,TX
007704,WRITER,MECMP,TX
007704,WRITER,RVCMP,TX
007704,WRITER,SBCMP,TX
007704,WRITER,SCCMP,TX
007704,WRITER,SDCMP,TX
007704,WRITER,SDMED,TX
007704,WRITER,SFCMP,TX
007704,WRITER,SFMED,TX
007704,WRITER,UCANR,TX
007705,WRITER AST,BKCMP,TX
007705,WRITER AST,DVCMP,TX
007705,WRITER AST,DVMED,TX
007705,WRITER AST,IRCMP,TX
007705,WRITER AST,IRMED,TX
007705,WRITER AST,LACMP,TX
007705,WRITER AST,LAMED,TX
007705,WRITER AST,MECMP,TX
007705,WRITER AST,RVCMP,TX
007705,WRITER AST,SBCMP,TX
007705,WRITER AST,SCCMP,TX
007705,WRITER AST,SDCMP,TX
007705,WRITER AST,SDMED,TX
007705,WRITER AST,SFCMP,TX
007705,WRITER AST,SFMED,TX
007705,WRITER AST,UCANR,TX
007712,PRINTING EST SR,BKCMP,TX
007712,PRINTING EST SR,DVCMP,TX
007712,PRINTING EST SR,DVMED,TX
007712,PRINTING EST SR,IRCMP,TX
007712,PRINTING EST SR,LACMP,TX
007712,PRINTING EST SR,LAMED,TX
007712,PRINTING EST SR,MECMP,TX
007712,PRINTING EST SR,RVCMP,TX
007712,PRINTING EST SR,SBCMP,TX
007712,PRINTING EST SR,SDCMP,TX
007712,PRINTING EST SR,SDMED,TX
007712,PRINTING EST SR,SFCMP,TX
007712,PRINTING EST SR,SFMED,TX
007713,PRINTING EST,BKCMP,TX
007713,PRINTING EST,DVCMP,TX
007713,PRINTING EST,DVMED,TX
007713,PRINTING EST,IRCMP,TX
007713,PRINTING EST,LACMP,TX
007713,PRINTING EST,LAMED,TX
007713,PRINTING EST,MECMP,TX
007713,PRINTING EST,RVCMP,TX
007713,PRINTING EST,SBCMP,TX
007713,PRINTING EST,SDCMP,TX
007713,PRINTING EST,SDMED,TX
007713,PRINTING EST,SFCMP,TX
007713,PRINTING EST,SFMED,TX
008067,STUDIO PROJECTIONIST SR,LACMP,TX
008067,STUDIO PROJECTIONIST SR,LAMED,TX
008068,STUDIO PROJECTIONIST,LACMP,TX
008068,STUDIO PROJECTIONIST,LAMED,TX
008069,STUDIO PROJECTIONIST AST,LACMP,TX
008069,STUDIO PROJECTIONIST AST,LAMED,TX
008263,UPHOLSTERER,DVCMP,TX
008263,UPHOLSTERER,DVMED,TX
008263,UPHOLSTERER,MECMP,TX
008272,ACCELERATOR OPR SR,DVCMP,TX
008272,ACCELERATOR OPR SR,DVMED,TX
008272,ACCELERATOR OPR SR,MECMP,TX
008273,ACCELERATOR OPR,DVCMP,TX
008273,ACCELERATOR OPR,DVMED,TX
008273,ACCELERATOR OPR,LACMP,TX
008273,ACCELERATOR OPR,LAMED,TX
008273,ACCELERATOR OPR,MECMP,TX
008281,ACCELERATOR MECH TCHN PRN,DVCMP,TX
008281,ACCELERATOR MECH TCHN PRN,DVMED,TX
008281,ACCELERATOR MECH TCHN PRN,MECMP,TX
008291,TELEVISION TCHN PRN,BKCMP,TX
008291,TELEVISION TCHN PRN,DVCMP,TX
008291,TELEVISION TCHN PRN,DVMED,TX
008291,TELEVISION TCHN PRN,IRCMP,TX
008291,TELEVISION TCHN PRN,LACMP,TX
008291,TELEVISION TCHN PRN,LAMED,TX
008291,TELEVISION TCHN PRN,MECMP,TX
008291,TELEVISION TCHN PRN,RVCMP,TX
008291,TELEVISION TCHN PRN,SBCMP,TX
008291,TELEVISION TCHN PRN,SCCMP,TX
008291,TELEVISION TCHN PRN,SDCMP,TX
008291,TELEVISION TCHN PRN,SDMED,TX
008291,TELEVISION TCHN PRN,SFCMP,TX
008291,TELEVISION TCHN PRN,SFMED,TX
008292,TELEVISION TCHN SR,BKCMP,TX
008292,TELEVISION TCHN SR,DVCMP,TX
008292,TELEVISION TCHN SR,DVMED,TX
008292,TELEVISION TCHN SR,IRCMP,TX
008292,TELEVISION TCHN SR,LACMP,TX
008292,TELEVISION TCHN SR,LAMED,TX
008292,TELEVISION TCHN SR,MECMP,TX
008292,TELEVISION TCHN SR,RVCMP,TX
008292,TELEVISION TCHN SR,SBCMP,TX
008292,TELEVISION TCHN SR,SCCMP,TX
008292,TELEVISION TCHN SR,SDCMP,TX
008292,TELEVISION TCHN SR,SDMED,TX
008292,TELEVISION TCHN SR,SFCMP,TX
008292,TELEVISION TCHN SR,SFMED,TX
008293,TELEVISION TCHN,BKCMP,TX
008293,TELEVISION TCHN,DVCMP,TX
008293,TELEVISION TCHN,DVMED,TX
008293,TELEVISION TCHN,IRCMP,TX
008293,TELEVISION TCHN,LACMP,TX
008293,TELEVISION TCHN,LAMED,TX
008293,TELEVISION TCHN,MECMP,TX
008293,TELEVISION TCHN,RVCMP,TX
008293,TELEVISION TCHN,SBCMP,TX
008293,TELEVISION TCHN,SCCMP,TX
008293,TELEVISION TCHN,SDCMP,TX
008293,TELEVISION TCHN,SDMED,TX
008293,TELEVISION TCHN,SFCMP,TX
008293,TELEVISION TCHN,SFMED,TX
008295,SOUND TCHN,BKCMP,TX
008295,SOUND TCHN,IRCMP,TX
008295,SOUND TCHN,LACMP,TX
008295,SOUND TCHN,LAMED,TX
008295,SOUND TCHN,RVCMP,TX
008295,SOUND TCHN,SBCMP,TX
008295,SOUND TCHN,SCCMP,TX
008295,SOUND TCHN,SDCMP,TX
008295,SOUND TCHN,SDMED,TX
008295,SOUND TCHN,SFCMP,TX
008295,SOUND TCHN,SFMED,TX
008301,ELECTR TCHN PRN,BKCMP,TX
008301,ELECTR TCHN PRN,DVCMP,TX
008301,ELECTR TCHN PRN,DVMED,TX
008301,ELECTR TCHN PRN,IRCMP,TX
008301,ELECTR TCHN PRN,IRMED,TX
008301,ELECTR TCHN PRN,LACMP,TX
008301,ELECTR TCHN PRN,LAMED,TX
008301,ELECTR TCHN PRN,MECMP,TX
008301,ELECTR TCHN PRN,RVCMP,TX
008301,ELECTR TCHN PRN,SBCMP,TX
008301,ELECTR TCHN PRN,SCCMP,TX
008301,ELECTR TCHN PRN,SDCMP,TX
008301,ELECTR TCHN PRN,SDMED,TX
008302,ELECTR TCHN SR,BKCMP,TX
008302,ELECTR TCHN SR,DVCMP,TX
008302,ELECTR TCHN SR,DVMED,TX
008302,ELECTR TCHN SR,IRCMP,TX
008302,ELECTR TCHN SR,IRMED,TX
008302,ELECTR TCHN SR,LACMP,TX
008302,ELECTR TCHN SR,LAMED,TX
008302,ELECTR TCHN SR,MECMP,TX
008302,ELECTR TCHN SR,RVCMP,TX
008302,ELECTR TCHN SR,SBCMP,TX
008302,ELECTR TCHN SR,SCCMP,TX
008302,ELECTR TCHN SR,SDCMP,TX
008302,ELECTR TCHN SR,SDMED,TX
008303,ELECTR TCHN,BKCMP,TX
008303,ELECTR TCHN,DVCMP,TX
008303,ELECTR TCHN,DVMED,TX
008303,ELECTR TCHN,IRCMP,TX
008303,ELECTR TCHN,IRMED,TX
008303,ELECTR TCHN,LACMP,TX
008303,ELECTR TCHN,LAMED,TX
008303,ELECTR TCHN,MECMP,TX
008303,ELECTR TCHN,RVCMP,TX
008303,ELECTR TCHN,SBCMP,TX
008303,ELECTR TCHN,SCCMP,TX
008303,ELECTR TCHN,SDCMP,TX
008303,ELECTR TCHN,SDMED,TX
008304,ELECTR TCHN TRAINEE,BKCMP,TX
008304,ELECTR TCHN TRAINEE,DVCMP,TX
008304,ELECTR TCHN TRAINEE,DVMED,TX
008304,ELECTR TCHN TRAINEE,IRCMP,TX
008304,ELECTR TCHN TRAINEE,IRMED,TX
008304,ELECTR TCHN TRAINEE,LACMP,TX
008304,ELECTR TCHN TRAINEE,LAMED,TX
008304,ELECTR TCHN TRAINEE,MECMP,TX
008304,ELECTR TCHN TRAINEE,RVCMP,TX
008304,ELECTR TCHN TRAINEE,SBCMP,TX
008304,ELECTR TCHN TRAINEE,SDCMP,TX
008304,ELECTR TCHN TRAINEE,SDMED,TX
008311,LAB GLASSBLOWER PRN,BKCMP,TX
008311,LAB GLASSBLOWER PRN,DVCMP,TX
008311,LAB GLASSBLOWER PRN,DVMED,TX
008311,LAB GLASSBLOWER PRN,IRCMP,TX
008311,LAB GLASSBLOWER PRN,LACMP,TX
008311,LAB GLASSBLOWER PRN,LAMED,TX
008311,LAB GLASSBLOWER PRN,MECMP,TX
008311,LAB GLASSBLOWER PRN,RVCMP,TX
008311,LAB GLASSBLOWER PRN,SBCMP,TX
008311,LAB GLASSBLOWER PRN,SDCMP,TX
008311,LAB GLASSBLOWER PRN,SDMED,TX
008311,LAB GLASSBLOWER PRN,SFCMP,TX
008311,LAB GLASSBLOWER PRN,SFMED,TX
008312,LAB GLASSBLOWER SR,BKCMP,TX
008312,LAB GLASSBLOWER SR,DVCMP,TX
008312,LAB GLASSBLOWER SR,DVMED,TX
008312,LAB GLASSBLOWER SR,IRCMP,TX
008312,LAB GLASSBLOWER SR,LACMP,TX
008312,LAB GLASSBLOWER SR,LAMED,TX
008312,LAB GLASSBLOWER SR,MECMP,TX
008312,LAB GLASSBLOWER SR,RVCMP,TX
008312,LAB GLASSBLOWER SR,SBCMP,TX
008312,LAB GLASSBLOWER SR,SDCMP,TX
008312,LAB GLASSBLOWER SR,SDMED,TX
008312,LAB GLASSBLOWER SR,SFCMP,TX
008312,LAB GLASSBLOWER SR,SFMED,TX
008313,LAB GLASSBLOWER,BKCMP,TX
008313,LAB GLASSBLOWER,DVCMP,TX
008313,LAB GLASSBLOWER,DVMED,TX
008313,LAB GLASSBLOWER,IRCMP,TX
008313,LAB GLASSBLOWER,LACMP,TX
008313,LAB GLASSBLOWER,LAMED,TX
008313,LAB GLASSBLOWER,MECMP,TX
008313,LAB GLASSBLOWER,RVCMP,TX
008313,LAB GLASSBLOWER,SBCMP,TX
008313,LAB GLASSBLOWER,SDCMP,TX
008313,LAB GLASSBLOWER,SDMED,TX
008313,LAB GLASSBLOWER,SFCMP,TX
008313,LAB GLASSBLOWER,SFMED,TX
008314,LAB GLASSBLOWER TRAINEE,BKCMP,TX
008314,LAB GLASSBLOWER TRAINEE,DVCMP,TX
008314,LAB GLASSBLOWER TRAINEE,DVMED,TX
008314,LAB GLASSBLOWER TRAINEE,IRCMP,TX
008314,LAB GLASSBLOWER TRAINEE,LACMP,TX
008314,LAB GLASSBLOWER TRAINEE,LAMED,TX
008314,LAB GLASSBLOWER TRAINEE,MECMP,TX
008314,LAB GLASSBLOWER TRAINEE,RVCMP,TX
008314,LAB GLASSBLOWER TRAINEE,SBCMP,TX
008314,LAB GLASSBLOWER TRAINEE,SDCMP,TX
008314,LAB GLASSBLOWER TRAINEE,SDMED,TX
008314,LAB GLASSBLOWER TRAINEE,SFCMP,TX
008314,LAB GLASSBLOWER TRAINEE,SFMED,TX
008321,TELESCOPE TCHN PRN,SCCMP,TX
008322,TELESCOPE TCHN SR,BKCMP,TX
008322,TELESCOPE TCHN SR,LACMP,TX
008322,TELESCOPE TCHN SR,LAMED,TX
008322,TELESCOPE TCHN SR,SCCMP,TX
008323,TELESCOPE TCHN,BKCMP,TX
008323,TELESCOPE TCHN,LACMP,TX
008323,TELESCOPE TCHN,LAMED,TX
008323,TELESCOPE TCHN,SCCMP,TX
008326,AEROSPACE TCHN 3,BKCMP,TX
008327,AEROSPACE TCHN 2,BKCMP,TX
008330,COMM OFCR,SDCMP,TX
008330,COMM OFCR,SDMED,TX
008331,COMM OFCR AST,SDCMP,TX
008331,COMM OFCR AST,SDMED,TX
008334,MARINE RADIO OFCR,SDCMP,TX
008334,MARINE RADIO OFCR,SDMED,TX
008363,MARINE ELECTRN,SDCMP,TX
008363,MARINE ELECTRN,SDMED,TX
008396,MARINE MECHN PRN,SDCMP,TX
008396,MARINE MECHN PRN,SDMED,TX
008397,MARINE MECHN SR,SDCMP,TX
008397,MARINE MECHN SR,SDMED,TX
008398,MARINE MECHN,SDCMP,TX
008398,MARINE MECHN,SDMED,TX
008399,MARINE MECHN HELPER,SDCMP,TX
008399,MARINE MECHN HELPER,SDMED,TX
008651,LAB MECHN PRN,BKCMP,TX
008651,LAB MECHN PRN,DVCMP,TX
008651,LAB MECHN PRN,DVMED,TX
008651,LAB MECHN PRN,IRCMP,TX
008651,LAB MECHN PRN,LACMP,TX
008651,LAB MECHN PRN,LAMED,TX
008651,LAB MECHN PRN,MECMP,TX
008651,LAB MECHN PRN,RVCMP,TX
008651,LAB MECHN PRN,SBCMP,TX
008651,LAB MECHN PRN,SCCMP,TX
008651,LAB MECHN PRN,SDCMP,TX
008651,LAB MECHN PRN,SDMED,TX
008651,LAB MECHN PRN,SFCMP,TX
008651,LAB MECHN PRN,SFMED,TX
008652,LAB MECHN SR,BKCMP,TX
008652,LAB MECHN SR,DVCMP,TX
008652,LAB MECHN SR,DVMED,TX
008652,LAB MECHN SR,IRCMP,TX
008652,LAB MECHN SR,LACMP,TX
008652,LAB MECHN SR,LAMED,TX
008652,LAB MECHN SR,MECMP,TX
008652,LAB MECHN SR,RVCMP,TX
008652,LAB MECHN SR,SBCMP,TX
008652,LAB MECHN SR,SCCMP,TX
008652,LAB MECHN SR,SDCMP,TX
008652,LAB MECHN SR,SDMED,TX
008652,LAB MECHN SR,SFCMP,TX
008652,LAB MECHN SR,SFMED,TX
008653,LAB MECHN,BKCMP,TX
008653,LAB MECHN,DVCMP,TX
008653,LAB MECHN,DVMED,TX
008653,LAB MECHN,IRCMP,TX
008653,LAB MECHN,LACMP,TX
008653,LAB MECHN,LAMED,TX
008653,LAB MECHN,MECMP,TX
008653,LAB MECHN,RVCMP,TX
008653,LAB MECHN,SBCMP,TX
008653,LAB MECHN,SCCMP,TX
008653,LAB MECHN,SDCMP,TX
008653,LAB MECHN,SDMED,TX
008653,LAB MECHN,SFCMP,TX
008653,LAB MECHN,SFMED,TX
008654,LAB MECHN HELPER,BKCMP,TX
008654,LAB MECHN HELPER,DVCMP,TX
008654,LAB MECHN HELPER,DVMED,TX
008654,LAB MECHN HELPER,IRCMP,TX
008654,LAB MECHN HELPER,LACMP,TX
008654,LAB MECHN HELPER,LAMED,TX
008654,LAB MECHN HELPER,MECMP,TX
008654,LAB MECHN HELPER,RVCMP,TX
008654,LAB MECHN HELPER,SBCMP,TX
008654,LAB MECHN HELPER,SCCMP,TX
008654,LAB MECHN HELPER,SDCMP,TX
008654,LAB MECHN HELPER,SDMED,TX
008654,LAB MECHN HELPER,SFCMP,TX
008654,LAB MECHN HELPER,SFMED,TX
008662,PETROLOGICAL TCHNO SR,BKCMP,TX
008662,PETROLOGICAL TCHNO SR,LACMP,TX
008662,PETROLOGICAL TCHNO SR,LAMED,TX
008662,PETROLOGICAL TCHNO SR,SDCMP,TX
008662,PETROLOGICAL TCHNO SR,SDMED,TX
008663,PETROLOGICAL TCHNO,BKCMP,TX
008663,PETROLOGICAL TCHNO,SBCMP,TX
008663,PETROLOGICAL TCHNO,SDCMP,TX
008663,PETROLOGICAL TCHNO,SDMED,TX
008761,OPTICAL TCHN PRN,BKCMP,TX
008761,OPTICAL TCHN PRN,SCCMP,TX
008761,OPTICAL TCHN PRN,SDCMP,TX
008761,OPTICAL TCHN PRN,SDMED,TX
008762,OPTICAL TCHN SR,BKCMP,TX
008762,OPTICAL TCHN SR,SCCMP,TX
008762,OPTICAL TCHN SR,SDCMP,TX
008762,OPTICAL TCHN SR,SDMED,TX
008773,PIANO TCHN,LACMP,TX
008773,PIANO TCHN,LAMED,TX
008773,PIANO TCHN,SBCMP,TX
008773,PIANO TCHN,SCCMP,TX
009514,INHALATION CHAMBER TCHN SR,IRCMP,TX
009515,INHALATION CHAMBER TCHN,IRCMP,TX
009516,ANML SVC OFCR,SCCMP,TX
009523,ANML TCHN PRN,BKCMP,TX
009523,ANML TCHN PRN,DVCMP,TX
009523,ANML TCHN PRN,DVMED,TX
009523,ANML TCHN PRN,IRCMP,TX
009523,ANML TCHN PRN,LACMP,TX
009523,ANML TCHN PRN,LAMED,TX
009523,ANML TCHN PRN,MECMP,TX
009523,ANML TCHN PRN,RVCMP,TX
009523,ANML TCHN PRN,SBCMP,TX
009523,ANML TCHN PRN,SCCMP,TX
009523,ANML TCHN PRN,SDCMP,TX
009523,ANML TCHN PRN,SDMED,TX
009523,ANML TCHN PRN,SFCMP,TX
009523,ANML TCHN PRN,SFMED,TX
009524,ANML TCHN SR,BKCMP,TX
009524,ANML TCHN SR,DVCMP,TX
009524,ANML TCHN SR,DVMED,TX
009524,ANML TCHN SR,IRCMP,TX
009524,ANML TCHN SR,LACMP,TX
009524,ANML TCHN SR,LAMED,TX
009524,ANML TCHN SR,MECMP,TX
009524,ANML TCHN SR,RVCMP,TX
009524,ANML TCHN SR,SBCMP,TX
009524,ANML TCHN SR,SCCMP,TX
009524,ANML TCHN SR,SDCMP,TX
009524,ANML TCHN SR,SDMED,TX
009524,ANML TCHN SR,SFCMP,TX
009524,ANML TCHN SR,SFMED,TX
009525,ANML TCHN,BKCMP,TX
009525,ANML TCHN,DVCMP,TX
009525,ANML TCHN,DVMED,TX
009525,ANML TCHN,IRCMP,TX
009525,ANML TCHN,LACMP,TX
009525,ANML TCHN,LAMED,TX
009525,ANML TCHN,MECMP,TX
009525,ANML TCHN,RVCMP,TX
009525,ANML TCHN,SBCMP,TX
009525,ANML TCHN,SCCMP,TX
009525,ANML TCHN,SDCMP,TX
009525,ANML TCHN,SDMED,TX
009525,ANML TCHN,SFCMP,TX
009525,ANML TCHN,SFMED,TX
009530,ANML HEALTH TCHN 4 EX,LACMP,TX
009530,ANML HEALTH TCHN 4 EX,LAMED,TX
009530,ANML HEALTH TCHN 4 EX,UCANR,TX
009534,ANML HEALTH TCHN 4 NEX,BKCMP,TX
009534,ANML HEALTH TCHN 4 NEX,DVCMP,TX
009534,ANML HEALTH TCHN 4 NEX,DVMED,TX
009534,ANML HEALTH TCHN 4 NEX,IRCMP,TX
009534,ANML HEALTH TCHN 4 NEX,LACMP,TX
009534,ANML HEALTH TCHN 4 NEX,LAMED,TX
009534,ANML HEALTH TCHN 4 NEX,MECMP,TX
009534,ANML HEALTH TCHN 4 NEX,RVCMP,TX
009534,ANML HEALTH TCHN 4 NEX,SBCMP,TX
009534,ANML HEALTH TCHN 4 NEX,SDCMP,TX
009534,ANML HEALTH TCHN 4 NEX,SDMED,TX
009534,ANML HEALTH TCHN 4 NEX,SFCMP,TX
009534,ANML HEALTH TCHN 4 NEX,SFMED,TX
009534,ANML HEALTH TCHN 4 NEX,UCANR,TX
009535,ANML HEALTH TCHN 3,BKCMP,TX
009535,ANML HEALTH TCHN 3,DVCMP,TX
009535,ANML HEALTH TCHN 3,DVMED,TX
009535,ANML HEALTH TCHN 3,IRCMP,TX
009535,ANML HEALTH TCHN 3,LACMP,TX
009535,ANML HEALTH TCHN 3,LAMED,TX
009535,ANML HEALTH TCHN 3,MECMP,TX
009535,ANML HEALTH TCHN 3,RVCMP,TX
009535,ANML HEALTH TCHN 3,SBCMP,TX
009535,ANML HEALTH TCHN 3,SDCMP,TX
009535,ANML HEALTH TCHN 3,SDMED,TX
009535,ANML HEALTH TCHN 3,SFCMP,TX
009535,ANML HEALTH TCHN 3,SFMED,TX
009535,ANML HEALTH TCHN 3,UCANR,TX
009536,ANML HEALTH TCHN 2,BKCMP,TX
009536,ANML HEALTH TCHN 2,DVCMP,TX
009536,ANML HEALTH TCHN 2,DVMED,TX
009536,ANML HEALTH TCHN 2,IRCMP,TX
009536,ANML HEALTH TCHN 2,LACMP,TX
009536,ANML HEALTH TCHN 2,LAMED,TX
009536,ANML HEALTH TCHN 2,MECMP,TX
009536,ANML HEALTH TCHN 2,RVCMP,TX
009536,ANML HEALTH TCHN 2,SBCMP,TX
009536,ANML HEALTH TCHN 2,SDCMP,TX
009536,ANML HEALTH TCHN 2,SDMED,TX
009536,ANML HEALTH TCHN 2,SFCMP,TX
009536,ANML HEALTH TCHN 2,SFMED,TX
009536,ANML HEALTH TCHN 2,UCANR,TX
009537,ANML HEALTH TCHN 1,BKCMP,TX
009537,ANML HEALTH TCHN 1,DVCMP,TX
009537,ANML HEALTH TCHN 1,DVMED,TX
009537,ANML HEALTH TCHN 1,IRCMP,TX
009537,ANML HEALTH TCHN 1,LACMP,TX
009537,ANML HEALTH TCHN 1,LAMED,TX
009537,ANML HEALTH TCHN 1,MECMP,TX
009537,ANML HEALTH TCHN 1,RVCMP,TX
009537,ANML HEALTH TCHN 1,SBCMP,TX
009537,ANML HEALTH TCHN 1,SDCMP,TX
009537,ANML HEALTH TCHN 1,SDMED,TX
009537,ANML HEALTH TCHN 1,SFCMP,TX
009537,ANML HEALTH TCHN 1,SFMED,TX
009537,ANML HEALTH TCHN 1,UCANR,TX
009601,LAB AST 4,BKCMP,TX
009601,LAB AST 4,DVCMP,TX
009601,LAB AST 4,DVMED,TX
009601,LAB AST 4,IRCMP,TX
009601,LAB AST 4,LACMP,TX
009601,LAB AST 4,LAMED,TX
009601,LAB AST 4,MECMP,TX
009601,LAB AST 4,RVCMP,TX
009601,LAB AST 4,SBCMP,TX
009601,LAB AST 4,SCCMP,TX
009601,LAB AST 4,SDCMP,TX
009601,LAB AST 4,SDMED,TX
009601,LAB AST 4,SFCMP,TX
009601,LAB AST 4,SFMED,TX
009601,LAB AST 4,UCANR,TX
009602,LAB AST 3,BKCMP,TX
009602,LAB AST 3,DVCMP,TX
009602,LAB AST 3,DVMED,TX
009602,LAB AST 3,IRCMP,TX
009602,LAB AST 3,LACMP,TX
009602,LAB AST 3,LAMED,TX
009602,LAB AST 3,MECMP,TX
009602,LAB AST 3,RVCMP,TX
009602,LAB AST 3,SBCMP,TX
009602,LAB AST 3,SCCMP,TX
009602,LAB AST 3,SDCMP,TX
009602,LAB AST 3,SDMED,TX
009602,LAB AST 3,SFCMP,TX
009602,LAB AST 3,SFMED,TX
009602,LAB AST 3,UCANR,TX
009603,LAB AST 2,BKCMP,TX
009603,LAB AST 2,DVCMP,TX
009603,LAB AST 2,DVMED,TX
009603,LAB AST 2,IRCMP,TX
009603,LAB AST 2,LACMP,TX
009603,LAB AST 2,LAMED,TX
009603,LAB AST 2,MECMP,TX
009603,LAB AST 2,RVCMP,TX
009603,LAB AST 2,SBCMP,TX
009603,LAB AST 2,SCCMP,TX
009603,LAB AST 2,SDCMP,TX
009603,LAB AST 2,SDMED,TX
009603,LAB AST 2,SFCMP,TX
009603,LAB AST 2,SFMED,TX
009603,LAB AST 2,UCANR,TX
009605,LAB AST 1,BKCMP,TX
009605,LAB AST 1,DVCMP,TX
009605,LAB AST 1,DVMED,TX
009605,LAB AST 1,IRCMP,TX
009605,LAB AST 1,LACMP,TX
009605,LAB AST 1,LAMED,TX
009605,LAB AST 1,MECMP,TX
009605,LAB AST 1,RVCMP,TX
009605,LAB AST 1,SBCMP,TX
009605,LAB AST 1,SCCMP,TX
009605,LAB AST 1,SDCMP,TX
009605,LAB AST 1,SDMED,TX
009605,LAB AST 1,SFCMP,TX
009605,LAB AST 1,SFMED,TX
009605,LAB AST 1,UCANR,TX
009622,SCANNER 2,BKCMP,TX
009622,SCANNER 2,IRCMP,TX
009622,SCANNER 2,LACMP,TX
009622,SCANNER 2,LAMED,TX
009622,SCANNER 2,RVCMP,TX
009622,SCANNER 2,SBCMP,TX
009622,SCANNER 2,SDCMP,TX
009622,SCANNER 2,SDMED,TX
009622,SCANNER 2,SFCMP,TX
009622,SCANNER 2,SFMED,TX
009623,SCANNER 1,BKCMP,TX
009623,SCANNER 1,IRCMP,TX
009623,SCANNER 1,LACMP,TX
009623,SCANNER 1,LAMED,TX
009623,SCANNER 1,RVCMP,TX
009623,SCANNER 1,SBCMP,TX
009623,SCANNER 1,SDCMP,TX
009623,SCANNER 1,SDMED,TX
009623,SCANNER 1,SFCMP,TX
009623,SCANNER 1,SFMED,TX
009632,MUSEUM PREPARATOR PRN,BKCMP,TX
009632,MUSEUM PREPARATOR PRN,DVCMP,TX
009632,MUSEUM PREPARATOR PRN,DVMED,TX
009632,MUSEUM PREPARATOR PRN,IRCMP,TX
009632,MUSEUM PREPARATOR PRN,LACMP,TX
009632,MUSEUM PREPARATOR PRN,LAMED,TX
009632,MUSEUM PREPARATOR PRN,MECMP,TX
009632,MUSEUM PREPARATOR PRN,RVCMP,TX
009632,MUSEUM PREPARATOR PRN,SBCMP,TX
009632,MUSEUM PREPARATOR PRN,SCCMP,TX
009632,MUSEUM PREPARATOR PRN,SDCMP,TX
009632,MUSEUM PREPARATOR PRN,SDMED,TX
009632,MUSEUM PREPARATOR PRN,SFCMP,TX
009632,MUSEUM PREPARATOR PRN,SFMED,TX
009633,MUSEUM PREPARATOR SR,BKCMP,TX
009633,MUSEUM PREPARATOR SR,DVCMP,TX
009633,MUSEUM PREPARATOR SR,DVMED,TX
009633,MUSEUM PREPARATOR SR,IRCMP,TX
009633,MUSEUM PREPARATOR SR,LACMP,TX
009633,MUSEUM PREPARATOR SR,LAMED,TX
009633,MUSEUM PREPARATOR SR,MECMP,TX
009633,MUSEUM PREPARATOR SR,RVCMP,TX
009633,MUSEUM PREPARATOR SR,SBCMP,TX
009633,MUSEUM PREPARATOR SR,SCCMP,TX
009633,MUSEUM PREPARATOR SR,SDCMP,TX
009633,MUSEUM PREPARATOR SR,SDMED,TX
009633,MUSEUM PREPARATOR SR,SFCMP,TX
009633,MUSEUM PREPARATOR SR,SFMED,TX
009634,MUSEUM PREPARATOR,BKCMP,TX
009634,MUSEUM PREPARATOR,DVCMP,TX
009634,MUSEUM PREPARATOR,DVMED,TX
009634,MUSEUM PREPARATOR,IRCMP,TX
009634,MUSEUM PREPARATOR,LACMP,TX
009634,MUSEUM PREPARATOR,LAMED,TX
009634,MUSEUM PREPARATOR,MECMP,TX
009634,MUSEUM PREPARATOR,RVCMP,TX
009634,MUSEUM PREPARATOR,SBCMP,TX
009634,MUSEUM PREPARATOR,SCCMP,TX
009634,MUSEUM PREPARATOR,SDCMP,TX
009634,MUSEUM PREPARATOR,SDMED,TX
009634,MUSEUM PREPARATOR,SFCMP,TX
009634,MUSEUM PREPARATOR,SFMED,TX
009717,DIVING OFCR,BKCMP,TX
009717,DIVING OFCR,DVCMP,TX
009717,DIVING OFCR,DVMED,TX
009717,DIVING OFCR,IRCMP,TX
009717,DIVING OFCR,LACMP,TX
009717,DIVING OFCR,LAMED,TX
009717,DIVING OFCR,MECMP,TX
009717,DIVING OFCR,RVCMP,TX
009717,DIVING OFCR,SBCMP,TX
009717,DIVING OFCR,SCCMP,TX
009717,DIVING OFCR,SDCMP,TX
009717,DIVING OFCR,SDMED,TX
009717,DIVING OFCR,SFCMP,TX
009717,DIVING OFCR,SFMED,TX
